ineff,eff,alpha,NTU,C_r,T_C_out,T_H_out,m_dot_C,m_dot_H,ConvSteps,run
0.9953,0.0047,0.0,1.0,0.0,52.849,50.0,1.7373,75.3488,200,1
0.3814,0.6186,0.0,1.0,0.1,421.15,612.89,1.7372,17.3717,34,2
0.395,0.605,0.0,1.0,0.2,413.03,577.4,1.7372,8.6858,108,3
0.4084,0.5916,0,1,0.3000,404.93,543.53,1.7368,5.7904,200,4
0.422,0.578,0.0,1.0,0.4,396.87,511.27,1.7373,4.343,200,5
0.4353,0.5647,0.0,1.0,0.5,388.84,480.58,1.7372,3.4743,24,6
0.4484,0.5516,0.0,1.0,0.6,380.98,451.49,1.7366,2.8951,200,7
0.4617,0.5383,0.0,1.0,0.7,373.01,423.89,1.7372,2.4816,200,8
0.4746,0.5254,0.0,1.0,0.8,365.21,397.8,1.7373,2.1715,200,9
0.4874,0.5126,0.0,1.0,0.9,357.58,373.19,1.737,1.9302,200,10
0.5,0.5,0.0,1.0,1.0,349.99,349.99,1.7371,1.737,200,11
0.9984,0.0016,0.1,1.0,0.0,50.943000000000005,50.0,1.7373,135.1968,200,12
0.3816,0.6184,0.1,1.0,0.1,421.04,612.89,1.7373,17.2425,200,13
0.3952,0.6048,0.1,1.0,0.2,412.86,577.42,1.7372,8.6212,62,14
0.4089,0.5911,0.1,1.0,0.3,404.65,543.58,1.7373,5.7474,200,15
0.4224,0.5776,0.1,1.0,0.4,396.56,511.37,1.7372,4.3106,129,16
0.4358,0.5642,0.1,1.0,0.5,388.49,480.75,1.7372,3.4485,149,17
0.4492,0.5508,0.1,1.0,0.6,380.49,451.7,1.7372,2.8737,200,18
0.4623,0.5377,0.1,1.0,0.7,372.61,424.2,1.737,2.4632,200,19
0.4753,0.5247,0.1,1.0,0.8,364.74,398.17,1.7372,2.1553,200,20
0.4883,0.5117,0.1000,1,0.9000,357.08,373.63,1.7373,1.9158,199,21
0.4971,0.5029,0.1000,1,1,349.49,350.5,1.7373,1.7242,200,22
0.9978,0.0022,0.2,1.0,0.0,51.297,50.0,1.7372,191.9557,200,23
0.3820,0.6180,0.2000,1,0.1000,420.83,612.91,1.7373,17.2800,29,24
0.3960,0.6040,0.2000,1,0.2000,412.41,577.51,1.7373,8.6400,200,25
0.4098,0.5902,0.2000,1,0.3000,404.08,543.77,1.7370,5.7600,86,26
0.4236,0.5764,0.2,1.0,0.4,395.79,511.68,1.7371,4.32,66,27
0.4373,0.5627,0.2,1.0,0.5,387.6,481.2,1.7372,3.456,78,28
0.4509,0.5491,0.2,1.0,0.6,379.49,452.31,1.7372,2.88,51,29
0.4642,0.5358,0.2,1.0,0.7,371.48,424.97,1.7373,2.4686,195,30
0.4773,0.5227,0.2,1.0,0.8,363.59,399.13,1.7372,2.16,23,31
0.4903,0.5097,0.2,1.0,0.9,355.83,374.75,1.7372,1.92,22,32
0.5003,0.4997,0.2,1.0,1.0,348.22,351.8,1.7371,1.728,200,33
1.0001,-0.00010551,0.3,1.0,0.0,0.0,0.0,1.7373,231.1179,200,34
0.3824,0.6176,0.3,1.0,0.1,420.51,612.94,1.7372,17.2905,200,35
0.3969,0.6031,0.3,1.0,0.2,411.86,577.63,1.7372,8.6453,95,36
0.4112,0.5888,0.3,1.0,0.3,403.28,544.02,1.7373,5.7635,80,37
0.4253,0.5747,0.3,1.0,0.4,394.81,512.09,1.7371,4.3226,200,38
0.4393,0.5607,0.3,1.0,0.5,386.42,481.79,1.7372,3.4581,22,39
0.4531,0.5469,0.3,1.0,0.6,378.16,453.11,1.7372,2.8817,22,40
0.4666,0.5334,0.3,1.0,0.7,370.02,425.98,1.7372,2.4701,200,41
0.4799,0.5201,0.3,1.0,0.8,362.06,400.37,1.7371,2.1613,58,42
0.4929,0.5071,0.3,1.0,0.9,354.22,376.21,1.7371,1.9212,92,43
0.5034,0.4966,0.3,1.0,1.0,346.55,353.46,1.7371,1.729,20,44
1.0001,-0.00011835,0.4,1.0,0.0,0.0,0.0,1.7373,270.104,200,45
0.3829,0.6171,0.4,1.0,0.1,420.24,612.97,1.7372,17.3068,29,46
0.3978,0.6022,0.4,1.0,0.2,411.32,577.73,1.7372,8.6534,97,47
0.4124,0.5876,0.4,1.0,0.3,402.52,544.24,1.737,5.7689,132,48
0.4269,0.5731,0.4,1.0,0.4,393.85,512.46,1.7372,4.3267,200,49
0.4412,0.5588,0.4,1.0,0.5,385.31,482.34,1.7373,3.4614,67,50
0.4551,0.5449,0.4,1.0,0.6,376.94,453.84,1.7371,2.8845,200,51
0.4688,0.5312,0.4,1.0,0.7,368.7,426.9,1.7371,2.4724,52,52
0.4822,0.5178,0.4,1.0,0.8,360.65,401.48,1.7371,2.1633,20,53
0.4954,0.5046,0.4,1.0,0.9,352.76,377.52,1.7371,1.9229,20,54
0.5064,0.4936,0.4,1.0,1.0,345.05,354.97,1.7371,1.7307,200,55
1.0001,-0.00013474,0.5,1.0,0.0,0.0,0.0,1.7372,299.4178,200,56
0.3834,0.6166,0.5,1.0,0.1,419.98,613.0,1.7374,17.313,130,57
0.3986,0.6014,0.5,1.0,0.2,410.74,577.82,1.7374,8.6565,200,58
0.4136,0.5864,0.5,1.0,0.3,401.82,544.44,1.7372,5.771,23,59
0.4283,0.5717,0.5,1.0,0.4,392.98,512.8,1.7369,4.3282,52,60
0.4427,0.5573,0.5,1.0,0.5,384.32,482.84,1.7369,3.4626,33,61
0.4569,0.5431,0.5,1.0,0.6,375.82,454.5,1.7369,2.8855,145,62
0.4709,0.5291,0.5,1.0,0.7,367.5,427.73,1.7374,2.4733,50,63
0.4844,0.5156,0.5,1.0,0.8,359.39,402.49,1.7371,2.1641,152,64
0.4976,0.5024,0.5,1.0,0.9,351.47,378.71,1.7371,1.9237,200,65
0.5088,0.4912,0.5,1.0,1.0,343.68,356.3,1.7375,1.7313,24,66
1.0001,-0.00014797,0.6,1.0,0.0,0.0,0.0,1.737,327.1321,200,67
0.3839,0.6161,0.6,1.0,0.1,419.69,613.03,1.7373,17.3203,90,68
0.3994,0.6006,0.6,1.0,0.2,410.29,577.93,1.7369,8.6602,109,69
0.4148,0.5852,0.6,1.0,0.3,401.11,544.66,1.7371,5.7734,200,70
0.4298,0.5702,0.6,1.0,0.4,392.09,513.15,1.7372,4.33,21,71
0.4445,0.5555,0.6,1.0,0.5,383.28,483.35,1.7372,3.464,23,72
0.4589,0.5411,0.6,1.0,0.6,374.67,455.18,1.7371,2.8867,73,73
0.4729,0.5271,0.6,1.0,0.7,366.28,428.6,1.7371,2.4743,28,74
0.4865,0.5135,0.6,1.0,0.8,358.07,403.53,1.7371,2.1649,19,75
0.4999,0.5001,0.6,1.0,0.9,350.08,379.91,1.7371,1.9244,19,76
0.5114,0.4886,0.6,1.0,1.0,342.3,357.68,1.7371,1.7319,19,77
0.9962,0.0038,0.7,1.0,0.0,52.301,50.0,1.7372,353.493,200,78
0.3843,0.6157,0.7,1.0,0.1,419.39,613.05,1.7372,17.3273,29,79
0.4004,0.5996,0.7,1.0,0.2,409.74,578.04,1.7372,8.6636,25,80
0.4162,0.5838,0.7,1.0,0.3,400.33,544.89,1.7373,5.7758,200,81
0.4315,0.5685,0.7,1.0,0.4,391.12,513.53,1.7372,4.3318,24,82
0.4464,0.5536,0.7,1.0,0.5,382.18,483.91,1.7371,3.4655,120,83
0.461,0.539,0.7,1.0,0.6,373.42,455.93,1.7372,2.8879,25,84
0.4751,0.5249,0.7,1.0,0.7,364.93,429.53,1.7371,2.4752,19,85
0.4889,0.5111,0.7,1.0,0.8,356.65,404.66,1.7371,2.1658,19,86
0.5023,0.4977,0.7,1.0,0.9,348.63,381.25,1.737,1.9253,200,87
0.5141,0.4859,0.7,1.0,1.0,340.78,359.2,1.7372,1.7327,173,88
1.0002,-0.00017013,0.8,1.0,0.0,0.0,0.0,1.7374,378.2745,200,89
0.3849,0.6151,0.8,1.0,0.1,419.07,613.09,1.7372,17.3347,26,90
0.4014,0.5986,0.8,1.0,0.2,409.15,578.16,1.7372,8.6673,23,91
0.4175,0.5825,0.8,1.0,0.3,399.49,545.14,1.7372,5.7782,23,92
0.4331,0.5669,0.8,1.0,0.4,390.09,513.94,1.7371,4.3337,55,93
0.4484,0.5516,0.8,1.0,0.5,380.97,484.5,1.7373,3.4669,118,94
0.4631,0.5369,0.8,1.0,0.6,372.1,456.72,1.737,2.8891,31,95
0.4775,0.5225,0.8,1.0,0.7,363.45,430.54,1.7372,2.4764,36,96
0.4915,0.5085,0.8,1.0,0.8,355.12,405.88,1.7372,2.1668,24,97
0.5049,0.4951,0.8,1.0,0.9,347.0,382.66,1.737,1.9261,31,98
0.517,0.483,0.8,1.0,1.0,339.16,360.81,1.737,1.7333,18,99
0.9958,0.0042,0.9,1.0,0.0,52.536,50.0,1.7372,402.9678,200,100
0.3854,0.6146,0.9,1.0,0.1,418.74,613.12,1.7372,17.3399,57,101
0.4024,0.5976,0.9,1.0,0.2,408.53,578.28,1.7371,8.67,200,102
0.419,0.581,0.9,1.0,0.3,398.62,545.39,1.7372,5.7799,22,103
0.435,0.565,0.9,1.0,0.4,389.03,514.36,1.7372,4.335,124,104
0.4505,0.5495,0.9,1.0,0.5,379.72,485.11,1.7372,3.468,93,105
0.4654,0.5346,0.9,1.0,0.6,370.72,457.55,1.7369,2.89,200,106
0.4801,0.5199,0.9,1.0,0.7,361.97,431.58,1.7373,2.4771,50,107
0.4941,0.5059,0.9,1.0,0.8,353.53,407.15,1.737,2.1675,113,108
0.5077,0.4923,0.9,1.0,0.9,345.36,384.14,1.737,1.9265,18,109
0.5201,0.4799,0.9,1.0,1.0,337.43,362.52,1.7371,1.7339,19,110
0.9898,0.0102,1.0,1.0,0.0,56.108999999999995,50.0,1.7372,211.1453,200,111
0.386,0.614,1.0,1.0,0.1,418.41,613.16,1.7372,17.3717,31,112
0.4035,0.5965,1.0,1.0,0.2,407.9,578.42,1.7373,8.686,185,113
0.4204,0.5796,1.0,1.0,0.3,397.76,545.67,1.7372,5.7906,32,114
0.4367,0.5633,1.0,1.0,0.4,387.96,514.81,1.7371,4.3428,20,115
0.4525,0.5475,1.0,1.0,0.5,378.48,485.76,1.7371,3.4743,20,116
0.4678,0.5322,1.0,1.0,0.6,369.33,458.4,1.7371,2.8951,19,117
0.4826,0.5174,1.0,1.0,0.7,360.4,432.64,1.7377,2.4816,200,118
0.4968,0.5032,1.0,1.0,0.8,351.92,408.44,1.7374,2.1714,170,119
0.5105,0.4895,1.0,1.0,0.9,343.7,385.67,1.737,1.93,18,120
0.5237,0.4763,1.0,1.0,1.0,335.77,364.31,1.7368,1.7372,200,121
0.9925,0.0075,0.0,1.5849,0.0,54.51,50.0,1.096,75.3488,200,122
0.2215,0.7785,0.0,1.5849,0.1,517.11,603.29,1.0961,10.9608,28,123
0.2386,0.7614,0.0,1.5849,0.2,506.9,558.64,1.096,5.4804,200,124
0.2562,0.7438,0.0,1.5849,0.3,496.34,516.12,1.0961,3.6536,200,125
0.2742,0.7258,0.0,1.5849,0.4,485.44,475.78,1.0961,2.7397,200,126
0.2926,0.7074,0.0,1.5849,0.5,474.43,437.78,1.0961,2.1921,23,127
0.3113,0.6887,0.0,1.5849,0.6,463.23,402.06,1.0961,1.8268,22,128
0.3301,0.6699,0.0,1.5849,0.7,451.92,368.65,1.0961,1.5658,27,129
0.3491,0.6509,0.0,1.5849,0.8,440.56,337.55,1.0961,1.3701,22,130
0.3681,0.6319,0.0,1.5849,0.9,429.12,308.67,1.0963,1.218,200,131
0.3867,0.6133,0.0,1.5849,1.0,417.97,282.2,1.0957,1.0962,200,132
0.9975,0.0025,0.1,1.5849,0.0,51.483000000000004,50.0,1.0959,135.1968,200,133
0.2217,0.7783,0.1,1.5849,0.1,516.96,603.3,1.0961,10.8791,28,134
0.239,0.761,0.1,1.5849,0.2,506.57,558.67,1.0961,5.4396,41,135
0.2569,0.7431,0.1,1.5849,0.3,495.88,516.22,1.0961,3.6264,26,136
0.2751,0.7249,0.1,1.5849,0.4,484.94,476.0,1.0961,2.7198,132,137
0.2937,0.7063,0.1,1.5849,0.5,473.8,438.08,1.0961,2.1758,23,138
0.3124,0.6876,0.1,1.5849,0.6,462.52,402.47,1.0959,1.8132,77,139
0.3314,0.6686,0.1,1.5849,0.7,451.15,369.18,1.096,1.5542,108,140
0.3505,0.6495,0.1,1.5849,0.8,439.73,338.19,1.0961,1.3599,200,141
0.3694,0.6306,0.1,1.5849,0.9,428.34,309.48,1.0961,1.2088,22,142
0.3837,0.6163,0.1,1.5849,1.0,417.0,282.99,1.0961,1.0879,200,143
0.9966,0.0034,0.2,1.5849,0.0,52.023999999999994,50.0,1.096,191.9557,200,144
0.2224,0.7776,0.2,1.5849,0.1,516.56,603.33,1.0962,10.9029,57,145
0.2403,0.7597,0.2,1.5849,0.2,505.81,558.82,1.0961,5.4515,25,146
0.2587,0.7413,0.2,1.5849,0.3,494.79,516.54,1.0961,3.6343,23,147
0.2774,0.7226,0.2,1.5849,0.4,483.56,476.56,1.0961,2.7257,23,148
0.2964,0.7036,0.2,1.5849,0.5,472.18,438.89,1.0961,2.1806,26,149
0.3155,0.6845,0.2,1.5849,0.6,460.69,403.56,1.0961,1.8171,21,150
0.3348,0.6652,0.2,1.5849,0.7,449.16,370.57,1.0961,1.5576,79,151
0.3539,0.6461,0.2,1.5849,0.8,437.63,339.88,1.0961,1.3629,22,152
0.3731,0.6269,0.2,1.5849,0.9,426.16,311.44,1.096,1.2114,20,153
0.3888,0.6112,0.2,1.5849,1.0,414.77,285.2,1.0961,1.0903,30,154
0.9959,0.0041,0.3,1.5849,0.0,52.471000000000004,50.0,1.0961,231.1179,200,155
0.2233,0.7767,0.3,1.5849,0.1,516.04,603.39,1.0962,10.9095,115,156
0.2421,0.7579,0.3,1.5849,0.2,504.78,559.03,1.0962,5.4548,49,157
0.261,0.739,0.3,1.5849,0.3,493.35,516.99,1.0959,3.6365,34,158
0.2804,0.7196,0.3,1.5849,0.4,481.74,477.28,1.0961,2.7274,23,159
0.2999,0.7001,0.3,1.5849,0.5,470.05,439.96,1.0961,2.1819,35,160
0.3195,0.6805,0.3,1.5849,0.6,458.32,404.99,1.0961,1.8182,20,161
0.339,0.661,0.3,1.5849,0.7,446.6,372.37,1.0961,1.5585,20,162
0.3584,0.6416,0.3,1.5849,0.8,434.94,342.05,1.0959,1.3637,128,163
0.3778,0.6222,0.3,1.5849,0.9,423.52,314.03,1.096,1.2122,200,164
0.3939,0.6061,0.3,1.5849,1.0,411.96,288.03,1.096,1.0909,19,165
0.9954,0.0046,0.4,1.5849,0.0,52.754,50.0,1.0961,270.104,200,166
0.2242,0.7758,0.4,1.5849,0.1,515.49,603.44,1.0961,10.9198,26,167
0.2437,0.7563,0.4,1.5849,0.2,503.76,559.22,1.0961,5.4599,68,168
0.2635,0.7365,0.4,1.5849,0.3,491.92,517.4,1.0961,3.6399,24,169
0.2834,0.7166,0.4,1.5849,0.4,479.98,477.98,1.0961,2.7299,21,170
0.3033,0.6967,0.4,1.5849,0.5,468.01,440.97,1.0961,2.1839,21,171
0.3232,0.6768,0.4,1.5849,0.6,456.11,406.38,1.0959,1.82,200,172
0.343,0.657,0.4,1.5849,0.7,444.15,374.05,1.0961,1.56,103,173
0.3627,0.6373,0.4,1.5849,0.8,432.34,344.03,1.0963,1.365,200,174
0.382,0.618,0.4,1.5849,0.9,420.78,316.28,1.096,1.2132,19,175
0.3988,0.6012,0.4,1.5849,1.0,409.35,290.64,1.0962,1.092,53,176
0.9949,0.0051,0.5,1.5849,0.0,53.05,50.0,1.0961,299.4178,200,177
0.2251,0.7749,0.5,1.5849,0.1,514.96,603.49,1.0961,10.9237,28,178
0.2454,0.7546,0.5,1.5849,0.2,502.79,559.42,1.0961,5.4618,24,179
0.2658,0.7342,0.5,1.5849,0.3,490.54,517.81,1.0961,3.6412,22,180
0.2862,0.7138,0.5,1.5849,0.4,478.28,478.66,1.0961,2.7309,23,181
0.3066,0.6934,0.5,1.5849,0.5,466.06,441.94,1.0961,2.1847,20,182
0.3268,0.6732,0.5,1.5849,0.6,453.94,407.63,1.096,1.8206,85,183
0.3468,0.6532,0.5,1.5849,0.7,441.9,375.64,1.096,1.5604,19,184
0.3666,0.6334,0.5,1.5849,0.8,430.05,345.93,1.096,1.3653,18,185
0.3863,0.6137,0.5,1.5849,0.9,418.38,318.43,1.0965,1.2137,200,186
0.4029,0.5971,0.5,1.5849,1.0,406.75,292.95,1.0965,1.0924,200,187
0.9945,0.0055,0.6,1.5849,0.0,53.291000000000004,50.0,1.0961,327.1321,200,188
0.226,0.774,0.6,1.5849,0.1,514.4,603.55,1.0961,10.9283,24,189
0.2471,0.7529,0.6,1.5849,0.2,501.74,559.63,1.0961,5.4642,27,190
0.2682,0.7318,0.6,1.5849,0.3,489.1,518.24,1.0961,3.6428,23,191
0.2891,0.7109,0.6,1.5849,0.4,476.47,479.36,1.096,2.7321,88,192
0.31,0.69,0.6,1.5849,0.5,463.99,442.93,1.0962,2.1857,30,193
0.3305,0.6695,0.6,1.5849,0.6,451.71,408.97,1.096,1.8214,194,194
0.3508,0.6492,0.6,1.5849,0.7,439.51,377.3,1.0961,1.5612,56,195
0.3707,0.6293,0.6,1.5849,0.8,427.57,347.91,1.096,1.366,79,196
0.3902,0.6098,0.6,1.5849,0.9,415.87,320.68,1.096,1.2141,18,197
0.4075,0.5925,0.6,1.5849,1.0,404.44,295.53,1.0959,1.0926,17,198
0.9942,0.0058,0.7,1.5849,0.0,53.494,50.0,1.0961,353.493,200,199
0.227,0.773,0.7,1.5849,0.1,513.79,603.61,1.0961,10.9327,24,200
0.249,0.751,0.7,1.5849,0.2,500.61,559.85,1.0961,5.4663,22,201
0.2708,0.7292,0.7,1.5849,0.3,487.72,518.76,1.0956,3.6442,200,202
0.2924,0.7076,0.7,1.5849,0.4,474.6,480.13,1.0961,2.7332,67,203
0.3136,0.6864,0.7,1.5849,0.5,461.89,444.07,1.0959,2.1866,75,204
0.3346,0.6654,0.7,1.5849,0.6,449.27,410.4,1.0961,1.8221,23,205
0.3551,0.6449,0.7,1.5849,0.7,436.97,379.08,1.096,1.5617,18,206
0.3751,0.6249,0.7,1.5849,0.8,424.97,350.08,1.0959,1.3666,111,207
0.3947,0.6053,0.7,1.5849,0.9,413.08,323.12,1.096,1.2146,90,208
0.4123,0.5877,0.7,1.5849,1.0,401.64,298.26,1.0961,1.0933,47,209
1.0003,-0.00026966,0.8,1.5849,0.0,0.0,0.0,1.0961,378.2745,200,210
0.2279,0.7721,0.8,1.5849,0.1,513.05,603.67,1.096,10.9374,200,211
0.251,0.749,0.8,1.5849,0.2,499.4,560.1,1.0961,5.4687,26,212
0.2736,0.7264,0.8,1.5849,0.3,485.85,519.21,1.0961,3.6458,23,213
0.2957,0.7043,0.8,1.5849,0.4,472.59,480.98,1.0958,2.7344,173,214
0.3176,0.6824,0.8,1.5849,0.5,459.47,445.22,1.0961,2.1874,20,215
0.3388,0.6612,0.8,1.5849,0.6,446.7,411.94,1.096,1.8227,18,216
0.3596,0.6404,0.8,1.5849,0.7,434.14,380.99,1.096,1.5625,66,217
0.3799,0.6201,0.8,1.5849,0.8,422.07,352.3,1.0959,1.3669,17,218
0.3996,0.6004,0.8,1.5849,0.9,410.25,325.73,1.0959,1.215,17,219
0.4175,0.5825,0.8,1.5849,1.0,398.76,301.21,1.0962,1.0937,64,220
0.9936,0.0064,0.9,1.5849,0.0,53.818000000000005,50.0,1.0961,402.9678,200,221
0.2293,0.7707,0.9,1.5849,0.1,512.43,603.74,1.0961,10.9407,46,222
0.2531,0.7469,0.9,1.5849,0.2,498.11,560.35,1.0961,5.4703,39,223
0.2765,0.7235,0.9,1.5849,0.3,484.11,519.75,1.0959,3.6468,178,224
0.2994,0.7006,0.9,1.5849,0.4,470.38,481.81,1.096,2.7352,91,225
0.3217,0.6783,0.9,1.5849,0.5,457.0,446.45,1.096,2.188,19,226
0.3434,0.6566,0.9,1.5849,0.6,443.98,413.55,1.096,1.8233,18,227
0.3645,0.6355,0.9,1.5849,0.7,431.29,383.01,1.0962,1.563,68,228
0.3849,0.6151,0.9,1.5849,0.8,419.04,354.7,1.096,1.3675,19,229
0.4048,0.5952,0.9,1.5849,0.9,407.14,328.51,1.0961,1.2156,27,230
0.4228,0.5772,0.9,1.5849,1.0,395.67,304.27,1.0959,1.0939,17,231
0.9856,0.0144,1.0,1.5849,0.0,58.61,50.0,1.0961,211.1453,200,232
0.2305,0.7695,1.0,1.5849,0.1,511.73,603.83,1.0961,10.9606,200,233
0.2553,0.7447,1.0,1.5849,0.2,496.88,560.66,1.0958,5.4806,200,234
0.2795,0.7205,1.0,1.5849,0.3,482.3,520.31,1.0961,3.6535,21,235
0.303,0.697,1.0,1.5849,0.4,468.15,482.71,1.0962,2.74,150,236
0.3258,0.6742,1.0,1.5849,0.5,454.51,447.74,1.096,2.1919,18,237
0.348,0.652,1.0,1.5849,0.6,441.15,415.2,1.0964,1.8266,20,238
0.3693,0.6307,1.0,1.5849,0.7,428.42,385.1,1.0958,1.5655,17,239
0.39,0.61,1.0,1.5849,0.8,416.02,357.18,1.0958,1.3698,17,240
0.41,0.59,1.0,1.5849,0.9,404.01,331.36,1.0963,1.218,35,241
0.4291,0.5709,1.0,1.5849,1.0,392.54,307.46,1.0956,1.0956,16,242
0.9881,0.0119,0.0,2.5119,0.0,57.129,50.0,0.6918,75.3488,200,243
0.0948,0.9052,0.0,2.5119,0.1,593.09,595.69,0.6916,6.9158,26,244
0.1101,0.8899,0.0,2.5119,0.2,583.88,543.23,0.6915,3.4577,200,245
0.1273,0.8727,0.0,2.5119,0.3,573.65,492.88,0.6917,2.305,200,246
0.1459,0.8541,0.0,2.5119,0.4,562.58,445.1,0.6913,1.729,200,247
0.1661,0.8339,0.0,2.5119,0.5,550.36,399.82,0.6916,1.3832,23,248
0.1877,0.8123,0.0,2.5119,0.6,537.22,357.49,0.6919,1.1529,200,249
0.2106,0.7894,0.0,2.5119,0.7,523.63,318.47,0.6916,0.9882,200,250
0.2347,0.7653,0.0,2.5119,0.8,509.25,282.62,0.6917,0.8644,200,251
0.2592,0.7408,0.0,2.5119,0.9,494.65,250.36,0.691,0.7686,200,252
0.2846,0.7154,0.0,2.5119,1.0,479.2,220.94,0.6915,0.6913,200,253
0.9961,0.0039,0.1,2.5119,0.0,52.321999999999996,50.0,0.6915,135.1968,200,254
0.095,0.905,0.1,2.5119,0.1,592.92,595.69,0.6914,6.8643,200,255
0.1112,0.8888,0.1,2.5119,0.2,583.47,543.24,0.692,3.4321,200,256
0.1282,0.8718,0.1,2.5119,0.3,573.1,493.03,0.6916,2.2881,25,257
0.1471,0.8529,0.1,2.5119,0.4,561.73,445.26,0.6916,1.7161,23,258
0.1676,0.8324,0.1,2.5119,0.5,549.44,400.23,0.6916,1.3728,22,259
0.1896,0.8104,0.1,2.5119,0.6,536.31,358.17,0.6916,1.1441,163,260
0.2126,0.7874,0.1,2.5119,0.7,522.45,319.24,0.6916,0.9806,21,261
0.2367,0.7633,0.1,2.5119,0.8,507.98,283.57,0.6916,0.858,81,262
0.2615,0.7385,0.1,2.5119,0.9,493.08,251.22,0.6915,0.7626,200,263
0.2816,0.7184,0.1,2.5119,1.0,477.82,222.15,0.6916,0.6864,67,264
0.9948,0.0052,0.2,2.5119,0.0,53.138999999999996,50.0,0.6922,191.9557,200,265
0.0959,0.9041,0.2,2.5119,0.1,592.43,595.74,0.6916,6.8793,26,266
0.1125,0.8875,0.2,2.5119,0.2,582.53,543.46,0.6916,3.4396,24,267
0.1307,0.8693,0.2,2.5119,0.3,571.67,493.48,0.6915,2.2931,200,268
0.1503,0.8497,0.2,2.5119,0.4,559.83,446.04,0.6915,1.7198,66,269
0.1715,0.8285,0.2,2.5119,0.5,547.12,401.4,0.6915,1.3759,90,270
0.1939,0.8061,0.2,2.5119,0.6,533.63,359.77,0.6916,1.1465,20,271
0.2175,0.7825,0.2,2.5119,0.7,519.5,321.3,0.6915,0.9828,53,272
0.2419,0.7581,0.2,2.5119,0.8,504.86,286.07,0.6915,0.8599,19,273
0.2669,0.7331,0.2,2.5119,0.9,489.83,254.11,0.6915,0.7643,19,274
0.2886,0.7114,0.2,2.5119,1.0,474.58,225.38,0.6915,0.6879,18,275
1.0003,-0.00026514,0.3,2.5119,0.0,0.0,0.0,0.6913,231.1179,200,276
0.0969,0.9031,0.3,2.5119,0.1,591.76,595.8,0.6915,6.8835,75,277
0.1146,0.8854,0.3,2.5119,0.2,581.21,543.72,0.6916,3.4417,23,278
0.1338,0.8662,0.3,2.5119,0.3,569.69,494.05,0.6916,2.2945,25,279
0.1545,0.8455,0.3,2.5119,0.4,557.28,447.05,0.6915,1.7209,89,280
0.1764,0.8236,0.3,2.5119,0.5,544.1,402.95,0.6914,1.3767,28,281
0.1997,0.8003,0.3,2.5119,0.6,530.19,361.84,0.6915,1.1472,19,282
0.2238,0.7762,0.3,2.5119,0.7,515.75,323.93,0.6915,0.9833,19,283
0.2485,0.7515,0.3,2.5119,0.8,500.9,289.24,0.6915,0.8603,18,284
0.2737,0.7263,0.3,2.5119,0.9,485.77,257.77,0.6915,0.7648,18,285
0.2959,0.7041,0.3,2.5119,1.0,470.5,229.47,0.6915,0.6883,32,286
1.0003,-0.00029733,0.4,2.5119,0.0,0.0,0.0,0.6915,270.104,200,287
0.0982,0.9018,0.4,2.5119,0.1,591.04,595.86,0.6917,6.8899,74,288
0.1169,0.8831,0.4,2.5119,0.2,579.85,543.99,0.6916,3.4449,22,289
0.137,0.863,0.4,2.5119,0.3,567.66,494.6,0.6916,2.2966,147,290
0.1585,0.8415,0.4,2.5119,0.4,554.94,448.15,0.691,1.7225,200,291
0.1817,0.8183,0.4,2.5119,0.5,541.08,404.38,0.6918,1.378,26,292
0.2052,0.7948,0.4,2.5119,0.6,526.86,363.83,0.6915,1.1482,18,293
0.2297,0.7703,0.4,2.5119,0.7,512.17,326.43,0.6915,0.9842,18,294
0.2547,0.7453,0.4,2.5119,0.8,497.16,292.22,0.6916,0.8612,20,295
0.28,0.72,0.4,2.5119,0.9,482.01,261.15,0.6914,0.7654,17,296
0.3027,0.6973,0.4,2.5119,1.0,466.79,233.17,0.6914,0.6889,17,297
0.9923,0.0077,0.5,2.5119,0.0,54.611999999999995,50.0,0.6916,299.4178,200,298
0.0994,0.9006,0.5,2.5119,0.1,590.36,595.94,0.6916,6.8924,23,299
0.1192,0.8808,0.5,2.5119,0.2,578.46,544.26,0.6916,3.4462,22,300
0.1403,0.8597,0.5,2.5119,0.3,565.75,495.27,0.6913,2.2975,131,301
0.1629,0.8371,0.5,2.5119,0.4,552.22,449.01,0.6916,1.7231,53,302
0.1864,0.8136,0.5,2.5119,0.5,538.18,405.84,0.6915,1.3784,19,303
0.2106,0.7894,0.5,2.5119,0.6,523.64,365.75,0.6915,1.1486,18,304
0.2354,0.7646,0.5,2.5119,0.7,508.75,328.81,0.6914,0.9844,17,305
0.2606,0.7394,0.5,2.5119,0.8,493.63,295.03,0.6915,0.8615,18,306
0.2859,0.7141,0.5,2.5119,0.9,478.45,264.34,0.6914,0.7657,17,307
0.3088,0.6912,0.5,2.5119,1.0,463.32,236.63,0.6913,0.689,16,308
1.0004,-0.00037173,0.6,2.5119,0.0,0.0,0.0,0.6914,327.1321,200,309
0.1008,0.8992,0.6,2.5119,0.1,589.61,596.03,0.6915,6.8953,159,310
0.1217,0.8783,0.6,2.5119,0.2,576.91,544.52,0.6919,3.4477,100,311
0.1441,0.8559,0.6,2.5119,0.3,563.71,495.96,0.6912,2.2984,200,312
0.1674,0.8326,0.6,2.5119,0.4,549.55,450.08,0.6917,1.7238,200,313
0.1915,0.8085,0.6,2.5119,0.5,535.11,407.38,0.6915,1.3789,18,314
0.2163,0.7837,0.6,2.5119,0.6,520.23,367.8,0.6915,1.1492,19,315
0.2414,0.7586,0.6,2.5119,0.7,505.14,331.33,0.6914,0.9848,17,316
0.2669,0.7331,0.6,2.5119,0.8,489.94,298.08,0.6915,0.8619,101,317
0.2922,0.7078,0.6,2.5119,0.9,474.77,267.78,0.6915,0.7661,96,318
0.3154,0.6846,0.6,2.5119,1.0,459.66,240.41,0.6914,0.6895,58,319
1.0004,-0.00040208,0.7,2.5119,0.0,0.0,0.0,0.6909,353.493,200,320
0.1021,0.8979,0.7,2.5119,0.1,588.73,596.1,0.6916,6.8981,27,321
0.1244,0.8756,0.7,2.5119,0.2,575.34,544.89,0.6916,3.449,20,322
0.1479,0.8521,0.7,2.5119,0.3,561.28,496.56,0.6916,2.2993,20,323
0.1721,0.8279,0.7,2.5119,0.4,546.71,451.25,0.6915,1.7243,18,324
0.1971,0.8029,0.7,2.5119,0.5,531.75,409.06,0.6915,1.3795,18,325
0.2225,0.7775,0.7,2.5119,0.6,516.53,370.01,0.6916,1.1497,23,326
0.2481,0.7519,0.7,2.5119,0.7,501.09,334.02,0.6918,0.9854,183,327
0.2735,0.7265,0.7,2.5119,0.8,485.92,301.32,0.6914,0.8623,197,328
0.2985,0.7015,0.7,2.5119,0.9,470.49,271.3,0.6912,0.7664,84,329
0.3222,0.6778,0.7,2.5119,1.0,455.63,244.31,0.6913,0.6895,16,330
1.0004,-0.00042711,0.8,2.5119,0.0,0.0,0.0,0.692,378.2745,200,331
0.1037,0.8963,0.8,2.5119,0.1,587.78,596.2,0.6916,6.901,23,332
0.1274,0.8726,0.8,2.5119,0.2,573.54,545.25,0.6916,3.4504,20,333
0.1519,0.8481,0.8,2.5119,0.3,558.76,497.34,0.6914,2.3003,33,334
0.1774,0.8226,0.8,2.5119,0.4,543.56,452.52,0.6915,1.7251,18,335
0.2031,0.7969,0.8,2.5119,0.5,528.11,410.88,0.6915,1.3801,18,336
0.229,0.771,0.8,2.5119,0.6,512.64,372.5,0.6913,1.1502,200,337
0.255,0.745,0.8,2.5119,0.7,497.01,337.02,0.6913,0.9855,16,338
0.2808,0.7192,0.8,2.5119,0.8,481.5,304.73,0.6916,0.8626,30,339
0.3062,0.6938,0.8,2.5119,0.9,466.27,275.28,0.6913,0.7665,16,340
0.3297,0.6703,0.8,2.5119,1.0,451.1,248.61,0.6919,0.6901,137,341
1.0004,-0.00044921,0.9,2.5119,0.0,0.0,0.0,0.6922,402.9678,200,342
0.1053,0.8947,0.9,2.5119,0.1,586.65,596.27,0.6919,6.9031,98,343
0.1306,0.8694,0.9,2.5119,0.2,571.6,545.65,0.6915,3.4516,37,344
0.1566,0.8434,0.9,2.5119,0.3,556.01,498.13,0.6916,2.301,20,345
0.183,0.817,0.9,2.5119,0.4,540.17,453.86,0.6916,1.7258,23,346
0.2096,0.7904,0.9,2.5119,0.5,524.25,412.79,0.6914,1.3803,17,347
0.2362,0.7638,0.9,2.5119,0.6,508.24,374.91,0.6916,1.1505,77,348
0.2625,0.7375,0.9,2.5119,0.7,492.52,340.14,0.6913,0.9858,16,349
0.2885,0.7115,0.9,2.5119,0.8,476.91,308.38,0.6913,0.8626,16,350
0.314,0.686,0.9,2.5119,0.9,461.64,279.43,0.6911,0.7664,15,351
0.3377,0.6623,0.9,2.5119,1.0,446.68,253.23,0.6911,0.6898,15,352
0.9805,0.0195,1.0,2.5119,0.0,61.718999999999994,50.0,0.6914,211.1453,200,353
0.1072,0.8928,1.0,2.5119,0.1,585.64,596.43,0.6916,6.9158,45,354
0.1341,0.8659,1.0,2.5119,0.2,569.53,546.09,0.6916,3.4579,35,355
0.1614,0.8386,1.0,2.5119,0.3,553.15,499.05,0.6915,2.3051,19,356
0.189,0.811,1.0,2.5119,0.4,536.72,455.34,0.6916,1.7289,44,357
0.2163,0.7837,1.0,2.5119,0.5,520.24,414.88,0.6914,1.3829,17,358
0.2435,0.7565,1.0,2.5119,0.6,503.81,377.59,0.6917,1.1524,200,359
0.2702,0.7298,1.0,2.5119,0.7,487.86,343.49,0.6914,0.9878,17,360
0.2964,0.7036,1.0,2.5119,0.8,472.14,312.28,0.6913,0.8641,16,361
0.3219,0.6781,1.0,2.5119,0.9,456.8,283.84,0.691,0.7677,16,362
0.3469,0.6531,1.0,2.5119,1.0,441.85,258.14,0.6913,0.6913,16,363
0.9812,0.0188,0.0,3.9811,0.0,61.263999999999996,50.0,0.4363,75.3488,200,364
0.0249,0.9751,0.0,3.9811,0.1,634.94,591.5,0.4363,4.3637,200,365
0.0334,0.9666,0.0,3.9811,0.2,629.97,534.03,0.4363,2.1818,200,366
0.0438,0.9562,0.0,3.9811,0.3,623.54,477.73,0.4367,1.4545,200,367
0.0571,0.9429,0.0,3.9811,0.4,615.69,423.72,0.4363,1.0909,125,368
0.0734,0.9266,0.0,3.9811,0.5,606.03,372.11,0.4362,0.8725,200,369
0.0925,0.9075,0.0,3.9811,0.6,594.38,323.41,0.4361,0.727,200,370
0.1155,0.8845,0.0,3.9811,0.7,580.54,278.07,0.4366,0.6229,200,371
0.1412,0.8588,0.0,3.9811,0.8,565.29,237.76,0.4363,0.5454,20,372
0.1703,0.8297,0.0,3.9811,0.9,547.67,201.27,0.4365,0.4845,200,373
0.2008,0.7992,0.0,3.9811,1.0,529.51,170.49,0.4363,0.4363,20,374
0.994,0.006,0.1,3.9811,0.0,53.611999999999995,50.0,0.4366,135.1968,200,375
0.0253,0.9747,0.1,3.9811,0.1,634.82,591.49,0.4364,4.331,26,376
0.0339,0.9661,0.1,3.9811,0.2,629.67,534.01,0.4364,2.1655,23,377
0.0448,0.9552,0.1,3.9811,0.3,623.12,477.99,0.4364,1.4437,22,378
0.0581,0.9419,0.1,3.9811,0.4,614.96,423.96,0.4362,1.0828,186,379
0.0756,0.9244,0.1,3.9811,0.5,604.92,372.3,0.4368,0.8662,200,380
0.0951,0.9049,0.1,3.9811,0.6,593.13,324.04,0.4365,0.7218,24,381
0.1179,0.8821,0.1,3.9811,0.7,579.38,279.49,0.4363,0.6187,200,382
0.1439,0.8561,0.1,3.9811,0.8,563.67,238.99,0.4363,0.5414,20,383
0.1725,0.8275,0.1,3.9811,0.9,546.38,203.19,0.4363,0.4812,142,384
0.1977,0.8023,0.1,3.9811,1.0,527.79,172.16,0.4363,0.4331,19,385
0.992,0.008,0.2,3.9811,0.0,54.838,50.0,0.4361,191.9557,200,386
0.0259,0.9741,0.2,3.9811,0.1,634.47,591.49,0.4366,4.3405,95,387
0.0352,0.9648,0.2,3.9811,0.2,628.9,534.16,0.4364,2.1702,22,388
0.0467,0.9533,0.2,3.9811,0.3,621.8,478.34,0.4363,1.4468,68,389
0.0613,0.9387,0.2,3.9811,0.4,613.06,424.65,0.4363,1.0851,34,390
0.0793,0.9207,0.2,3.9811,0.5,602.47,373.58,0.4365,0.8681,85,391
0.0999,0.9001,0.2,3.9811,0.6,590.06,325.87,0.4363,0.7234,19,392
0.1237,0.8763,0.2,3.9811,0.7,575.77,281.87,0.4363,0.62,18,393
0.1504,0.8496,0.2,3.9811,0.8,559.81,242.18,0.4363,0.5426,144,394
0.1795,0.8205,0.2,3.9811,0.9,542.31,206.85,0.4363,0.4822,17,395
0.2063,0.7937,0.2,3.9811,1.0,523.72,176.23,0.4363,0.434,17,396
0.9904,0.0096,0.3,3.9811,0.0,55.74,50.0,0.4364,231.1179,200,397
0.0266,0.9734,0.3,3.9811,0.1,634.02,591.56,0.4364,4.3432,30,398
0.0369,0.9631,0.3,3.9811,0.2,627.85,534.37,0.4364,2.1716,24,399
0.0499,0.9501,0.3,3.9811,0.3,620.11,478.92,0.4363,1.4477,68,400
0.0657,0.9343,0.3,3.9811,0.4,610.6,425.67,0.4363,1.0857,19,401
0.0845,0.9155,0.3,3.9811,0.5,599.28,375.26,0.4363,0.8686,19,402
0.1064,0.8936,0.3,3.9811,0.6,586.15,328.22,0.4363,0.7238,18,403
0.1312,0.8688,0.3,3.9811,0.7,571.31,285.0,0.4363,0.6203,17,404
0.1585,0.8415,0.3,3.9811,0.8,554.92,245.99,0.4363,0.5428,17,405
0.1878,0.8122,0.3,3.9811,0.9,537.3,211.36,0.4362,0.4824,16,406
0.2151,0.7849,0.3,3.9811,1.0,518.73,181.22,0.4362,0.4341,16,407
0.9895,0.0105,0.4,3.9811,0.0,56.292,50.0,0.4364,270.104,200,408
0.0275,0.9725,0.4,3.9811,0.1,633.5,591.61,0.4364,4.3472,24,409
0.0388,0.9612,0.4,3.9811,0.2,626.71,534.6,0.4364,2.1736,21,410
0.0529,0.9471,0.4,3.9811,0.3,618.25,479.44,0.4364,1.4491,23,411
0.0696,0.9304,0.4,3.9811,0.4,607.95,426.68,0.4362,1.0868,117,412
0.0915,0.9085,0.4,3.9811,0.5,596.0,376.82,0.4372,0.8694,185,413
0.1128,0.8872,0.4,3.9811,0.6,582.35,330.5,0.4363,0.7244,17,414
0.1377,0.8623,0.4,3.9811,0.7,567.01,287.98,0.4361,0.621,89,415
0.166,0.834,0.4,3.9811,0.8,550.42,249.58,0.4362,0.5432,16,416
0.1955,0.8045,0.4,3.9811,0.9,532.7,215.5,0.4362,0.4828,16,417
0.2234,0.7766,0.4,3.9811,1.0,514.26,185.68,0.436,0.4344,15,418
0.9886,0.0114,0.5,3.9811,0.0,56.854,50.0,0.4364,299.4178,200,419
0.0284,0.9716,0.5,3.9811,0.1,632.94,591.67,0.4364,4.3488,22,420
0.0408,0.9592,0.5,3.9811,0.2,625.5,534.83,0.4364,2.1744,22,421
0.0561,0.9439,0.5,3.9811,0.3,616.34,480.01,0.4363,1.4496,20,422
0.0743,0.9257,0.5,3.9811,0.4,605.37,427.63,0.4366,1.0872,200,423
0.0959,0.9041,0.5,3.9811,0.5,592.99,378.76,0.4362,0.8698,165,424
0.1192,0.8808,0.5,3.9811,0.6,578.61,332.82,0.4363,0.7248,200,425
0.1451,0.8549,0.5,3.9811,0.7,562.95,290.83,0.4362,0.621,16,426
0.173,0.827,0.5,3.9811,0.8,545.83,252.76,0.4366,0.5436,199,427
0.2027,0.7973,0.5,3.9811,0.9,528.4,219.35,0.436,0.4828,15,428
0.2307,0.7693,0.5,3.9811,1.0,510.05,189.88,0.436,0.4345,15,429
1.0006,-0.0005885,0.6,3.9811,0.0,0.0,0.0,0.4367,327.1321,200,430
0.0295,0.9705,0.6,3.9811,0.1,632.32,591.73,0.4364,4.3506,23,431
0.0431,0.9569,0.6,3.9811,0.2,624.15,535.11,0.4364,2.1753,28,432
0.0596,0.9404,0.6,3.9811,0.3,614.23,480.65,0.4363,1.4501,19,433
0.079,0.921,0.6,3.9811,0.4,602.6,428.87,0.4363,1.0874,17,434
0.1011,0.8989,0.6,3.9811,0.5,589.31,380.24,0.4363,0.8699,17,435
0.1258,0.8742,0.6,3.9811,0.6,574.6,335.29,0.4362,0.7251,44,436
0.1524,0.8476,0.6,3.9811,0.7,558.51,294.05,0.4362,0.6215,200,437
0.1808,0.8192,0.6,3.9811,0.8,541.62,256.82,0.4362,0.5438,200,438
0.2104,0.7896,0.6,3.9811,0.9,523.78,223.51,0.436,0.483,15,439
0.2383,0.7617,0.6,3.9811,1.0,505.25,194.27,0.4366,0.435,32,440
1.0006,-0.00063546,0.7,3.9811,0.0,0.0,0.0,0.4372,353.493,200,441
0.0306,0.9694,0.7,3.9811,0.1,631.6,591.81,0.4364,4.3523,21,442
0.0456,0.9544,0.7,3.9811,0.2,622.62,535.42,0.4363,2.1761,19,443
0.0636,0.9364,0.7,3.9811,0.3,611.85,481.36,0.4363,1.4506,18,444
0.0844,0.9156,0.7,3.9811,0.4,599.38,430.16,0.4364,1.0881,23,445
0.1076,0.8924,0.7,3.9811,0.5,585.42,382.19,0.4362,0.8701,16,446
0.1332,0.8668,0.7,3.9811,0.6,570.1,337.84,0.4362,0.7251,16,447
0.1606,0.8394,0.7,3.9811,0.7,553.55,297.25,0.4365,0.6218,200,448
0.1892,0.8108,0.7,3.9811,0.8,536.48,260.72,0.436,0.5436,15,449
0.2189,0.7811,0.7,3.9811,0.9,518.67,228.1,0.436,0.4832,15,450
0.2471,0.7529,0.7,3.9811,1.0,500.57,199.35,0.436,0.4349,15,451
1.0007,-0.00067764,0.8,3.9811,0.0,0.0,0.0,0.4362,378.2745,200,452
0.032,0.968,0.8,3.9811,0.1,630.78,591.89,0.4364,4.3543,41,453
0.0485,0.9515,0.8,3.9811,0.2,620.87,535.77,0.4364,2.1771,34,454
0.0681,0.9319,0.8,3.9811,0.3,609.16,482.18,0.4363,1.4513,18,455
0.0903,0.9097,0.8,3.9811,0.4,595.82,431.59,0.4363,1.0885,18,456
0.1149,0.8851,0.8,3.9811,0.5,581.05,384.38,0.4363,0.8708,20,457
0.141,0.859,0.8,3.9811,0.6,565.11,340.87,0.4361,0.7257,200,458
0.1695,0.8305,0.8,3.9811,0.7,548.31,301.09,0.4363,0.6219,17,459
0.1986,0.8014,0.8,3.9811,0.8,530.91,265.37,0.4362,0.5444,118,460
0.2283,0.7717,0.8,3.9811,0.9,513.06,233.16,0.436,0.4834,15,461
0.2566,0.7434,0.8,3.9811,1.0,495.07,204.85,0.436,0.4351,15,462
1.0007,-0.00071266,0.9,3.9811,0.0,0.0,0.0,0.4363,402.9678,200,463
0.0336,0.9664,0.9,3.9811,0.1,629.83,591.98,0.4364,4.3556,26,464
0.0518,0.9482,0.9,3.9811,0.2,618.88,536.16,0.4364,2.1778,30,465
0.0731,0.9269,0.9,3.9811,0.3,606.15,483.07,0.4363,1.4516,17,466
0.0973,0.9027,0.9,3.9811,0.4,591.97,433.31,0.4362,1.089,200,467
0.1228,0.8772,0.9,3.9811,0.5,576.32,386.76,0.4363,0.8711,200,468
0.1504,0.8496,0.9,3.9811,0.6,559.8,343.99,0.436,0.7254,15,469
0.1791,0.8209,0.9,3.9811,0.7,542.4,305.04,0.4364,0.6224,93,470
0.2086,0.7914,0.9,3.9811,0.8,524.86,269.98,0.436,0.544,15,471
0.2384,0.7616,0.9,3.9811,0.9,506.98,238.6,0.436,0.4836,15,472
0.267,0.733,0.9,3.9811,1.0,489.11,210.88,0.4363,0.4355,156,473
0.9742,0.0258,1.0,3.9811,0.0,65.465,50.0,0.4362,211.1453,200,474
0.0354,0.9646,1.0,3.9811,0.1,628.74,592.12,0.4363,4.3634,20,475
0.0555,0.9445,1.0,3.9811,0.2,616.65,536.68,0.4363,2.1818,133,476
0.0786,0.9214,1.0,3.9811,0.3,602.8,484.15,0.4363,1.4544,19,477
0.1041,0.8959,1.0,3.9811,0.4,587.54,434.97,0.4363,1.0907,17,478
0.1313,0.8687,1.0,3.9811,0.5,571.19,389.39,0.4362,0.8724,16,479
0.1599,0.8401,1.0,3.9811,0.6,554.06,347.54,0.436,0.7267,15,480
0.1894,0.8106,1.0,3.9811,0.7,536.29,309.46,0.4364,0.6232,18,481
0.2191,0.7809,1.0,3.9811,0.8,518.5,275.19,0.436,0.545,15,482
0.2487,0.7513,1.0,3.9811,0.9,500.97,245.06,0.4362,0.4852,200,483
0.2786,0.7214,1.0,3.9811,1.0,482.8,217.19,0.436,0.436,15,484
0.9705,0.0295,0.0,6.3096,0.0,67.758,50.0,0.2758,75.3488,200,485
0.0039,0.9961,0.0,6.3096,0.1,648.15,590.2,0.2755,2.7536,200,486
0.0054,0.9946,0.0,6.3096,0.2,646.92,530.71,0.2752,1.3767,200,487
0.0085,0.9915,0.0,6.3096,0.3,644.9,471.56,0.2753,0.9179,200,488
0.0137,0.9863,0.0,6.3096,0.4,641.74,413.3,0.2753,0.6883,20,489
0.0218,0.9782,0.0,6.3096,0.5,636.9,356.54,0.2753,0.5506,25,490
0.0339,0.9661,0.0,6.3096,0.6,629.78,302.26,0.2753,0.4588,200,491
0.051,0.949,0.0,6.3096,0.7,619.51,250.5,0.2757,0.393,200,492
0.0732,0.9268,0.0,6.3096,0.8,606.1,205.37,0.2753,0.3443,200,493
0.1031,0.8969,0.0,6.3096,0.9,586.59,162.76,0.2763,0.3055,200,494
0.1367,0.8633,0.0,6.3096,1.0,567.84,132.17,0.2751,0.2752,200,495
0.9907,0.0093,0.1,6.3096,0.0,55.568000000000005,50.0,0.2755,135.1968,200,496
0.0031,0.9969,0.1,6.3096,0.1,648.11,590.14,0.2753,2.7327,24,497
0.0054,0.9946,0.1,6.3096,0.2,646.79,530.54,0.2754,1.3664,97,498
0.0089,0.9911,0.1,6.3096,0.3,644.67,471.49,0.2753,0.9109,21,499
0.0145,0.9855,0.1,6.3096,0.4,641.31,413.35,0.2753,0.6832,20,500
0.023,0.977,0.1,6.3096,0.5,636.21,356.76,0.2753,0.5465,19,501
0.0355,0.9645,0.1,6.3096,0.6,628.72,302.64,0.2753,0.4554,19,502
0.0529,0.9471,0.1,6.3096,0.7,618.24,252.11,0.2753,0.3903,18,503
0.0762,0.9238,0.1,6.3096,0.8,604.29,206.46,0.2753,0.3416,19,504
0.1059,0.8941,0.1,6.3096,0.9,586.54,166.64,0.2756,0.3037,200,505
0.1338,0.8662,0.1,6.3096,1.0,565.88,134.06,0.2753,0.2732,17,506
0.9879,0.0121,0.2,6.3096,0.0,57.273999999999994,50.0,0.2753,191.9557,200,507
0.0033,0.9967,0.2,6.3096,0.1,648.01,590.12,0.2755,2.7387,200,508
0.0056,0.9944,0.2,6.3096,0.2,646.51,530.59,0.2753,1.3693,85,509
0.0099,0.9901,0.2,6.3096,0.3,644.06,471.66,0.2753,0.9129,21,510
0.0163,0.9837,0.2,6.3096,0.4,640.22,413.77,0.2753,0.6847,20,511
0.0269,0.9731,0.2,6.3096,0.5,634.52,357.76,0.2755,0.5477,200,512
0.0397,0.9603,0.2,6.3096,0.6,626.2,304.13,0.2753,0.4564,17,513
0.0585,0.9415,0.2,6.3096,0.7,614.89,254.44,0.2753,0.3912,17,514
0.0829,0.9171,0.2,6.3096,0.8,600.24,209.69,0.2752,0.3422,16,515
0.1135,0.8865,0.2,6.3096,0.9,582.3,170.99,0.2754,0.3043,200,516
0.1433,0.8567,0.2,6.3096,1.0,561.33,138.6,0.2752,0.2738,16,517
1.0007,-0.00066531,0.3,6.3096,0.0,0.0,0.0,0.2755,231.1179,200,518
0.003,0.997,0.3,6.3096,0.1,647.86,590.15,0.2753,2.7404,200,519
0.0066,0.9934,0.3,6.3096,0.2,646.09,530.67,0.2754,1.3702,169,520
0.0113,0.9887,0.3,6.3096,0.3,643.2,471.92,0.2753,0.9134,18,521
0.0188,0.9812,0.3,6.3096,0.4,638.72,414.37,0.2753,0.6851,22,522
0.0298,0.9702,0.3,6.3096,0.5,632.14,358.78,0.2753,0.548,17,523
0.0451,0.9549,0.3,6.3096,0.6,622.92,306.1,0.2752,0.4565,16,524
0.0656,0.9344,0.3,6.3096,0.7,610.67,257.4,0.2752,0.3913,16,525
0.0912,0.9088,0.3,6.3096,0.8,595.28,213.66,0.2751,0.3423,15,526
0.122,0.878,0.3,6.3096,0.9,577.46,176.51,0.2749,0.3045,200,527
0.1529,0.8471,0.3,6.3096,1.0,555.9,144.04,0.2751,0.2738,15,528
0.9846,0.0154,0.4,6.3096,0.0,59.266999999999996,50.0,0.2753,270.104,200,529
0.0038,0.9962,0.4,6.3096,0.1,647.69,590.18,0.2753,2.7429,26,530
0.0073,0.9927,0.4,6.3096,0.2,645.61,530.79,0.2753,1.3714,19,531
0.0129,0.9871,0.4,6.3096,0.3,642.23,472.22,0.2753,0.9143,26,532
0.0215,0.9785,0.4,6.3096,0.4,637.1,415.02,0.2753,0.6856,17,533
0.0333,0.9667,0.4,6.3096,0.5,629.76,360.17,0.275,0.5486,188,534
0.0505,0.9495,0.4,6.3096,0.6,619.6,307.95,0.2754,0.4572,200,535
0.0724,0.9276,0.4,6.3096,0.7,606.57,260.1,0.2754,0.3918,200,536
0.0991,0.9009,0.4,6.3096,0.8,590.84,217.55,0.2753,0.3429,200,537
0.13,0.87,0.4,6.3096,0.9,572.02,180.08,0.2751,0.3045,15,538
0.1616,0.8384,0.4,6.3096,1.0,551.16,148.77,0.2751,0.2741,15,539
1.0009,-0.00085092,0.5,6.3096,0.0,0.0,0.0,0.2751,299.4178,200,540
0.0041,0.9959,0.5,6.3096,0.1,647.5,590.2,0.2753,2.7439,26,541
0.0082,0.9918,0.5,6.3096,0.2,645.06,530.9,0.2753,1.372,26,542
0.0147,0.9853,0.5,6.3096,0.3,641.16,472.53,0.2753,0.9145,18,543
0.0244,0.9756,0.5,6.3096,0.4,635.35,415.71,0.2752,0.6857,16,544
0.038,0.962,0.5,6.3096,0.5,627.18,361.25,0.2752,0.5486,16,545
0.0561,0.9439,0.5,6.3096,0.6,616.36,310.02,0.2751,0.457,15,546
0.0789,0.9211,0.5,6.3096,0.7,602.71,262.96,0.2751,0.3917,15,547
0.1062,0.8938,0.5,6.3096,0.8,586.29,220.84,0.2752,0.3429,16,548
0.1375,0.8625,0.5,6.3096,0.9,567.51,184.14,0.2751,0.3047,15,549
0.1692,0.8308,0.5,6.3096,1.0,546.79,153.13,0.2751,0.2742,15,550
1.0009,-0.0009336,0.6,6.3096,0.0,0.0,0.0,0.2753,327.1321,200,551
0.0063,0.9937,0.6,6.3096,0.1,647.29,590.36,0.2752,2.7451,200,552
0.0093,0.9907,0.6,6.3096,0.2,644.41,531.04,0.2753,1.3724,18,553
0.0165,0.9835,0.6,6.3096,0.3,639.86,472.67,0.2756,0.915,200,554
0.0278,0.9722,0.6,6.3096,0.4,633.28,416.37,0.2755,0.6863,200,555
0.0428,0.9572,0.6,6.3096,0.5,624.32,362.69,0.2751,0.5486,15,556
0.0624,0.9376,0.6,6.3096,0.6,612.39,311.61,0.2759,0.4575,200,557
0.0865,0.9135,0.6,6.3096,0.7,598.59,266.54,0.2752,0.3921,200,558
0.1142,0.8858,0.6,6.3096,0.8,581.5,224.68,0.2752,0.343,16,559
0.1457,0.8543,0.6,6.3096,0.9,562.59,188.56,0.2751,0.3048,15,560
0.1775,0.8225,0.6,6.3096,1.0,542.03,157.89,0.2751,0.2743,15,561
0.9817,0.0183,0.7,6.3096,0.0,60.992,50.0,0.2753,353.493,200,562
0.0048,0.9952,0.7,6.3096,0.1,646.98,590.26,0.2753,2.7462,200,563
0.0103,0.9897,0.7,6.3096,0.2,643.62,531.24,0.2753,1.3732,200,564
0.0194,0.9806,0.7,6.3096,0.3,638.39,473.38,0.2752,0.915,16,565
0.0311,0.9689,0.7,6.3096,0.4,630.71,417.05,0.2758,0.6866,200,566
0.0485,0.9515,0.7,6.3096,0.5,620.94,364.39,0.2751,0.5488,15,567
0.0694,0.9306,0.7,6.3096,0.6,608.38,314.83,0.2751,0.4574,15,568
0.0945,0.9055,0.7,6.3096,0.7,593.34,269.53,0.2751,0.392,15,569
0.1233,0.8767,0.7,6.3096,0.8,576.03,229.05,0.2753,0.3432,17,570
0.1537,0.8463,0.7,6.3096,0.9,556.99,193.67,0.2749,0.3052,200,571
0.1879,0.8121,0.7,6.3096,1.0,537.12,163.89,0.2747,0.2746,200,572
1.0011,-0.0011,0.8,6.3096,0.0,0.0,0.0,0.2752,378.2745,200,573
0.0056,0.9944,0.8,6.3096,0.1,646.63,590.3,0.2753,2.7474,28,574
0.0122,0.9878,0.8,6.3096,0.2,642.65,531.4,0.2753,1.3734,17,575
0.0224,0.9776,0.8,6.3096,0.3,636.54,473.94,0.2752,0.9154,16,576
0.0366,0.9634,0.8,6.3096,0.4,628.0,418.69,0.2753,0.6867,17,577
0.0544,0.9456,0.8,6.3096,0.5,616.54,365.27,0.2757,0.5491,200,578
0.0776,0.9224,0.8,6.3096,0.6,603.43,317.8,0.2751,0.4575,15,579
0.1034,0.8966,0.8,6.3096,0.7,587.52,273.52,0.2753,0.3925,200,580
0.1332,0.8668,0.8,6.3096,0.8,569.76,233.97,0.2751,0.3431,200,581
0.1656,0.8344,0.8,6.3096,0.9,550.65,199.31,0.2751,0.305,15,582
0.1977,0.8023,0.8,6.3096,1.0,530.38,169.53,0.2751,0.2745,15,583
0.9806,0.0194,0.9,6.3096,0.0,61.663000000000004,50.0,0.2753,402.9678,200,584
0.0068,0.9932,0.9,6.3096,0.1,646.2,590.35,0.2754,2.7482,200,585
0.0142,0.9858,0.9,6.3096,0.2,641.43,531.64,0.2753,1.3741,61,586
0.0262,0.9738,0.9,6.3096,0.3,634.37,474.85,0.275,0.9161,200,587
0.0423,0.9577,0.9,6.3096,0.4,624.54,420.03,0.2753,0.687,56,588
0.0611,0.9389,0.9,6.3096,0.5,611.76,367.92,0.2756,0.5496,200,589
0.0871,0.9129,0.9,6.3096,0.6,597.75,321.19,0.2752,0.4579,16,590
0.1153,0.8847,0.9,6.3096,0.7,581.23,278.08,0.2754,0.3925,200,591
0.1451,0.8549,0.9,6.3096,0.8,562.96,239.48,0.2751,0.3433,15,592
0.1774,0.8226,0.9,6.3096,0.9,543.57,205.65,0.2751,0.3051,15,593
0.2095,0.7905,0.9,6.3096,1.0,523.44,176.43,0.2751,0.2746,15,594
0.9667,0.0333,1.0,6.3096,0.0,69.975,50.0,0.2752,211.1453,200,595
0.0072,0.9928,1.0,6.3096,0.1,645.62,590.43,0.2753,2.7532,30,596
0.0167,0.9833,1.0,6.3096,0.2,639.91,532.0,0.2753,1.3763,17,597
0.0307,0.9693,1.0,6.3096,0.3,631.53,475.53,0.2753,0.9177,60,598
0.0491,0.9509,1.0,6.3096,0.4,620.6,422.07,0.275,0.6883,200,599
0.0715,0.9285,1.0,6.3096,0.5,606.89,371.11,0.2756,0.5505,73,600
0.0976,0.9024,1.0,6.3096,0.6,591.46,325.27,0.2752,0.4588,170,601
0.1265,0.8735,1.0,6.3096,0.7,574.07,283.12,0.2751,0.393,15,602
0.1576,0.8424,1.0,6.3096,0.8,555.39,245.68,0.2752,0.344,17,603
0.1902,0.8098,1.0,6.3096,0.9,535.88,212.69,0.2751,0.3057,15,604
0.2231,0.7769,1.0,6.3096,1.0,515.5,183.7,0.2758,0.2751,200,605
0.9535,0.0465,0.0,10.0,0.0,77.881,50.0,0.1737,75.3488,200,606
-0.00037656,1.0004,0.0,10.0,0.1,649.93,589.83,0.174,1.7364,200,607
0.00021975,0.9998,0.0,10.0,0.2,649.84,530.03,0.1737,0.8686,20,608
0.00059941,0.9994,0.0,10.0,0.3,649.61,470.11,0.1737,0.579,19,609
0.00040508,0.9996,0.0,10.0,0.4,649.09,409.55,0.1741,0.4342,200,610
0.0034,0.9966,0.0,10.0,0.5,647.96,351.01,0.1737,0.3474,17,611
0.0074,0.9926,0.0,10.0,0.6,645.53,292.67,0.1737,0.2895,19,612
0.0156,0.9844,0.0,10.0,0.7,640.64,236.4,0.1735,0.248,200,613
0.0314,0.9686,0.0,10.0,0.8,631.7,184.55,0.1739,0.2172,200,614
0.0552,0.9448,0.0,10.0,0.9,616.9,139.79,0.1737,0.193,22,615
0.091,0.909,0.0,10.0,1.0,595.38,104.62,0.1736,0.1736,15,616
0.9858,0.0142,0.1,10.0,0.0,58.474,50.0,0.1734,135.1968,200,617
0.00055061,0.9994,0.1,10.0,0.1,649.93,589.97,0.1737,1.7242,200,618
0.00028113,0.9997,0.1,10.0,0.2,649.82,529.92,0.1737,0.8621,21,619
0.00070389,0.9993,0.1,10.0,0.3,649.57,469.97,0.1737,0.5747,19,620
0.0017,0.9983,0.1,10.0,0.4,648.99,410.22,0.1737,0.431,19,621
0.0032,0.9968,0.1,10.0,0.5,647.68,350.91,0.1736,0.3448,200,622
0.0083,0.9917,0.1,10.0,0.6,645.01,292.8,0.1737,0.2873,17,623
0.0171,0.9829,0.1,10.0,0.7,639.73,237.02,0.1737,0.2463,17,624
0.0329,0.9671,0.1,10.0,0.8,630.24,185.67,0.1737,0.2155,17,625
0.0584,0.9416,0.1,10.0,0.9,614.99,141.41,0.1737,0.1915,16,626
0.0876,0.9124,0.1,10.0,1.0,593.18,106.65,0.1737,0.1724,131,627
0.982,0.018,0.2,10.0,0.0,60.813,50.0,0.1737,191.9557,200,628
0.00010338,0.9999,0.2,10.0,0.1,649.92,589.94,0.1737,1.728,21,629
0.00033354,0.9997,0.2,10.0,0.2,649.79,529.92,0.1737,0.864,19,630
0.00088521,0.9991,0.2,10.0,0.3,649.46,470.0,0.1737,0.5759,18,631
0.0022,0.9978,0.2,10.0,0.4,648.71,410.32,0.1737,0.4319,17,632
0.0049,0.9951,0.2,10.0,0.5,647.06,351.26,0.1737,0.3455,16,633
0.0105,0.9895,0.2,10.0,0.6,643.71,293.56,0.1737,0.2879,16,634
0.0216,0.9784,0.2,10.0,0.7,637.56,239.0,0.1737,0.2469,200,635
0.0387,0.9613,0.2,10.0,0.8,626.81,188.39,0.1736,0.2158,15,636
0.0657,0.9343,0.2,10.0,0.9,610.61,145.33,0.1736,0.1919,15,637
0.0975,0.9025,0.2,10.0,1.0,588.63,111.29,0.1737,0.1727,16,638
0.9792,0.0208,0.3,10.0,0.0,62.477,50.0,0.1737,231.1179,200,639
-0.0021,1.0021,0.3,10.0,0.1,649.9,589.69,0.1741,1.7291,200,640
0.00042214,0.9996,0.3,10.0,0.2,649.73,529.95,0.1737,0.8645,25,641
0.0012,0.9988,0.3,10.0,0.3,649.29,470.06,0.1737,0.5762,17,642
0.0029,0.9971,0.3,10.0,0.4,648.27,410.51,0.1737,0.4322,17,643
0.0078,0.9922,0.3,10.0,0.5,646.14,352.24,0.1737,0.3458,200,644
0.0135,0.9865,0.3,10.0,0.6,641.88,294.63,0.1737,0.2882,119,645
0.026,0.974,0.3,10.0,0.7,634.44,240.71,0.1736,0.2468,15,646
0.0449,0.9551,0.3,10.0,0.8,621.66,190.25,0.1742,0.2161,200,647
0.0745,0.9255,0.3,10.0,0.9,605.33,150.08,0.1736,0.192,15,648
0.1075,0.8925,0.3000,10,1,583.27,116.92,0.1739,0.1729,200,649
1.0012,-0.0012,0.4,10.0,0.0,0.0,0.0,0.1742,270.104,200,650
-0.0013,1.0013,0.4,10.0,0.1,649.89,589.77,0.174,1.7307,200,651
0.00054139,0.9995,0.4,10.0,0.2,649.65,529.97,0.1737,0.8653,25,652
0.0015,0.9985,0.4,10.0,0.3,649.06,470.14,0.1737,0.5768,18,653
0.0038,0.9962,0.4,10.0,0.4,647.74,410.72,0.1736,0.4323,15,654
0.0058,0.9942,0.4,10.0,0.5,644.88,351.66,0.1737,0.3461,200,655
0.0167,0.9833,0.4,10.0,0.6,639.97,295.82,0.1736,0.2882,15,656
0.0309,0.9691,0.4,10.0,0.7,631.46,242.8,0.1737,0.2472,17,657
0.0524,0.9476,0.4,10.0,0.8,618.58,194.99,0.1736,0.2162,15,658
0.0826,0.9174,0.4,10.0,0.9,600.97,154.33,0.1738,0.1923,200,659
0.1157,0.8843,0.4,10.0,1.0,578.58,121.34,0.1737,0.173,17,660
0.9762,0.0238,0.5,10.0,0.0,64.29,50.0,0.1737,299.4178,200,661
0.00015834,0.9998,0.5,10.0,0.1,649.87,589.96,0.1737,1.7313,20,662
0.00051158,0.9995,0.5,10.0,0.2,649.55,529.69,0.1741,0.8656,200,663
-0.00070424,1.0007,0.5,10.0,0.3,648.76,469.51,0.1739,0.5771,200,664
0.0055,0.9945,0.5000,10,0.4000,647.08,411.12,0.1737,0.4328,200,665
0.0104,0.9896,0.5,10.0,0.5,643.76,352.92,0.1736,0.346,15,666
0.0202,0.9798,0.5,10.0,0.6,637.88,297.08,0.1737,0.2884,16,667
0.0359,0.9641,0.5,10.0,0.7,628.49,244.87,0.1736,0.2471,15,668
0.0612,0.9388,0.5,10.0,0.8,614.54,196.57,0.1749,0.2165,200,669
0.0889,0.9111,0.5,10.0,0.9,596.68,157.85,0.1736,0.1922,15,670
0.1228,0.8772,0.5,10.0,1.0,574.55,125.35,0.1736,0.173,15,671
0.9751,0.0249,0.6,10.0,0.0,64.96300000000001,50.0,0.1737,327.1321,200,672
-9.7834e-04,1.0010,0.6000,10,0.1000,649.84,589.84,0.1739,1.7320,200,673
0.00090651,0.9991,0.6,10.0,0.2,649.43,530.03,0.1737,0.866,25,674
0.0026,0.9974,0.6,10.0,0.3,648.41,470.34,0.1736,0.5769,15,675
0.0063,0.9937,0.6,10.0,0.4,646.25,411.34,0.1736,0.4327,15,676
0.0131,0.9869,0.6,10.0,0.5,642.28,354.35,0.1734,0.3462,200,677
0.0244,0.9756,0.6,10.0,0.6,635.38,298.59,0.1736,0.2885,15,678
0.0417,0.9583,0.6,10.0,0.7,625.0,247.33,0.1736,0.2473,15,679
0.0658,0.9342,0.6,10.0,0.8,610.55,201.41,0.1736,0.2163,15,680
0.0966,0.9034,0.6,10.0,0.9,592.02,162.06,0.1737,0.1924,16,681
0.1308,0.8692,0.6,10.0,1.0,569.97,129.94,0.1737,0.1732,20,682
1.0016,-0.0016,0.7,10.0,0.0,0.0,0.0,0.173,353.493,200,683
-0.0012,1.0012,0.7,10.0,0.1,649.8,589.89,0.1737,1.7327,200,684
0.0012,0.9988,0.7,10.0,0.2,649.25,530.07,0.1737,0.8662,17,685
0.0035,0.9965,0.7,10.0,0.3,647.9,470.5,0.1736,0.5771,15,686
0.0045,0.9955,0.7,10.0,0.4,645.02,411.29,0.1735,0.4332,200,687
0.0164,0.9836,0.7,10.0,0.5,640.15,354.75,0.1736,0.3463,15,688
0.0275,0.9725,0.7,10.0,0.6,632.24,300.73,0.1734,0.2889,200,689
0.0482,0.9518,0.7,10.0,0.7,620.72,250.24,0.1734,0.2474,200,690
0.0732,0.9268,0.7,10.0,0.8,604.86,204.63,0.174,0.2166,200,691
0.1065,0.8935,0.7,10.0,0.9,586.45,166.54,0.1736,0.1924,200,692
0.1391,0.8609,0.7000,10,1,564.47,135.45,0.1736,0.1733,200,693
1.0017,-0.0017,0.8,10.0,0.0,0.0,0.0,0.1735,378.2745,200,694
0.0016,0.9984,0.8000,10,0.1000,649.75,590.13,0.1735,1.7335,200,695
0.0012,0.9988,0.8000,10,0.2000,648.99,530.03,0.1738,0.8667,200,696
0.0047,0.9953,0.8,10.0,0.3,647.18,470.73,0.1736,0.5774,15,697
0.0110,0.9890,0.8000,10,0.4000,643.58,412.63,0.1737,0.4333,200,698
0.0191,0.9809,0.8000,10,0.5000,637.37,355.65,0.1739,0.3469,200,699
0.0362,0.9638,0.8,10.0,0.6,628.25,302.9,0.1737,0.2889,32,700
0.0575,0.9425,0.8,10.0,0.7,615.53,253.98,0.1737,0.2475,16,701
0.0845,0.9155,0.8,10.0,0.8,599.28,210.44,0.1737,0.2167,18,702
0.1168,0.8832,0.8,10.0,0.9,579.91,172.96,0.1737,0.1926,49,703
0.1506,0.8494,0.8,10.0,1.0,557.65,141.32,0.1743,0.1733,200,704
0.9728,0.0272,0.9,10.0,0.0,66.293,50.0,0.1737,402.9678,200,705
0.00044506,0.9996,0.9,10.0,0.1,649.67,589.99,0.1737,1.734,37,706
0.0017,0.9983,0.9,10.0,0.2,648.62,530.16,0.1737,0.867,200,707
0.0064,0.9936,0.9,10.0,0.3,646.17,471.14,0.1736,0.578,200,708
0.014,0.986,0.9,10.0,0.4,641.47,413.22,0.1737,0.4335,200,709
0.0266,0.9734,0.9,10.0,0.5,634.07,357.78,0.1736,0.3465,15,710
0.0444,0.9556,0.9,10.0,0.6,623.18,305.75,0.1737,0.289,200,711
0.0679,0.9321,0.9,10.0,0.7,609.26,258.34,0.1737,0.2477,54,712
0.0965,0.9035,0.9,10.0,0.8,592.12,216.13,0.1736,0.2166,15,713
0.1295,0.8705,0.9,10.0,0.9,572.28,179.79,0.1737,0.1927,45,714
0.164,0.836,0.9,10.0,1.0,550.52,149.26,0.1738,0.1734,200,715
0.9575,0.0425,1.0,10.0,0.0,75.513,50.0,0.174,211.1453,200,716
-0.0019,1.0019,1.0,10.0,0.1,649.52,589.72,0.1742,1.7371,200,717
0.0023,0.9977,1.0,10.0,0.2,648.02,530.21,0.1739,0.8689,111,718
0.0097,0.9903,1.0,10.0,0.3,644.73,471.99,0.1735,0.5792,200,719
0.0182,0.9818,1.0,10.0,0.4,638.61,414.2,0.1738,0.4342,200,720
0.0344,0.9656,1.0,10.0,0.5,629.84,360.73,0.1735,0.3477,200,721
0.0548,0.9452,1.0,10.0,0.6,617.54,310.09,0.1736,0.2896,200,722
0.08,0.92,1.0,10.0,0.7,601.96,263.6,0.1736,0.248,15,723
0.1101,0.8899,1.0,10.0,0.8,583.88,222.87,0.1736,0.217,15,724
0.1436,0.8564,1.0,10.0,0.9,563.8,187.87,0.1736,0.1932,200,725
0.1795,0.8205,1.0,10.0,1.0,541.94,157.86,0.1735,0.1735,200,726
0.9274,0.0726,0.0,15.849,0.0,93.56299999999999,50.0,0.1096,75.3488,200,727
-0.0001441,1.0001,0.0,15.849,0.1,650.0,589.99,0.1096,1.0961,21,728
-0.00012456,1.0001,0.0,15.849,0.2,650.0,529.98,0.1096,0.548,19,729
-0.00028655,1.0003,0.0,15.849,0.3,649.99,469.84,0.1097,0.3654,200,730
-0.0039,1.0039,0.0,15.849,0.4,649.97,410.51,0.1089,0.274,200,731
-0.00088354,1.0009,0.0,15.849,0.5,649.89,349.62,0.1097,0.2191,200,732
0.00058158,0.9994,0.0,15.849,0.6,649.57,290.31,0.1095,0.1826,16,733
0.0015,0.9985,0,15.8490,0.7000,648.34,229.57,0.1099,0.1565,200,734
0.0081,0.9919,0.0,15.849,0.8,644.53,174.51,0.1095,0.1364,200,735
0.0265,0.9735,0.0,15.849,0.9,634.89,124.42,0.1094,0.1216,200,736
0.0579,0.9421,0.0,15.849,1.0,614.6,85.936,0.1096,0.1096,200,737
0.9789,0.0211,0.1,15.849,0.0,62.61,50.0,0.1099,135.1968,200,738
-3.6505e-05,1.0,0.1,15.849,0.1,650.0,589.92,0.1096,1.0879,21,739
0.0016,0.9984,0.1000,15.8490,0.2000,650,529.92,0.1097,0.5440,200,740
-7.0197e-06,1.0,0.1,15.849,0.3,649.99,469.8,0.1096,0.3626,19,741
6.4834e-04,0.9994,0.1000,15.8490,0.4000,649.96,409.74,0.1097,0.2720,167,742
0.0014,0.9986,0.1,15.849,0.5,649.86,349.69,0.1098,0.2176,200,743
0.002,0.998,0.1,15.849,0.6,649.45,289.8,0.1098,0.1813,200,744
-0.0014,1.0014,0.1,15.849,0.7,648.08,231.13,0.1091,0.1554,200,745
0.0089,0.9911,0.1,15.849,0.8,643.41,172.4,0.11,0.136,200,746
0.0281,0.9719,0.1,15.849,0.9,633.16,125.03,0.1095,0.1208,15,747
0.0552,0.9448,0.1,15.849,1.0,612.09,87.51,0.1097,0.1089,200,748
0.9738,0.0262,0.2,15.849,0.0,65.423,50.0,0.1102,191.9557,200,749
-0.0011,1.0011,0.2000,15.8490,0.1000,650,590,0.1094,1.0903,200,750
-4.2056000000000005e-05,1.0,0.2,15.849,0.2,650.0,529.86,0.1096,0.5451,24,751
0.0021,0.9979,0.2,15.849,0.3,649.99,470.77,0.1093,0.3634,200,752
-0.0017,1.0017,0.2,15.849,0.4,649.94,410.02,0.1093,0.2726,200,753
0.00025244,0.9997,0.2,15.849,0.5,649.77,349.84,0.1096,0.2181,200,754
0.0012,0.9988,0.2,15.849,0.6,649.12,289.76,0.1097,0.1817,200,755
0.0048,0.9952,0.2,15.849,0.7,647.12,231.74,0.1095,0.1555,14,756
0.014,0.986,0.2,15.849,0.8,641.63,176.47,0.1095,0.1361,14,757
0.0338,0.9662,0.2,15.849,0.9,629.74,129.23,0.1094,0.1211,200,758
0.0680,0.9320,0.2000,15.8490,1,612.08,96.667,0.1084,0.1090,200,759
1.0017,-0.0017,0.3000,15.8490,0,0,0,0.1095,231.1179,200,760
-0.0030,1.0030,0.3000,15.8490,0.1000,650,589.59,0.1099,1.0910,200,761
8.2365e-04,0.9992,0.3000,15.8490,0.2000,650,530.31,0.1093,0.5455,200,762
-3.0960e-04,1.0003,0.3000,15.8490,0.3000,649.98,469.42,0.1098,0.3637,31,763
-0.0021,1.0021,0.3000,15.8490,0.4000,649.9,410.21,0.1092,0.2727,200,764
-0.0010,1.0010,0.3000,15.8490,0.5000,649.58,348.98,0.1098,0.2182,200,765
0.0020,0.9980,0.3000,15.8490,0.6000,648.56,290.07,0.1097,0.1818,200,766
0.0073,0.9927,0.3,15.849,0.7,645.68,232.77,0.1095,0.1556,14,767
0.0202,0.9798,0.3000,15.8490,0.8000,639.25,181.82,0.1091,0.1364,200,768
0.0419,0.9581,0.3000,15.8490,0.9000,624.64,132.85,0.1095,0.1212,200,769
0.0766,0.9234,0.3000,15.8490,1,603.01,98.472,0.1091,0.1091,200,770
1.0019,-0.0019,0.4000,15.8490,0,0,0,0.1095,270.1040,200,771
-7.6379e-05,1.0001,0.4,15.849,0.1,650.0,589.98,0.1096,1.092,200,772
0.0012,0.9988,0.4,15.849,0.2,649.99,530.09,0.1096,0.546,200,773
-0.0023,1.0023,0.4,15.849,0.3,649.96,468.86,0.11,0.364,154,774
-0.0013,1.0013,0.4,15.849,0.4,649.83,409.6,0.1096,0.273,200,775
0.0011,0.9989,0.4,15.849,0.5,649.36,349.27,0.1099,0.2184,200,776
0.00022322,0.9998,0.4,15.849,0.6,647.83,289.19,0.1098,0.182,200,777
0.0115,0.9885,0.4,15.849,0.7,644.23,234.92,0.1095,0.156,200,778
0.0233,0.9767,0.4,15.849,0.8,635.62,180.79,0.1097,0.1365,200,779
0.0495,0.9505,0.4,15.849,0.9,620.85,136.29,0.1097,0.1214,200,780
0.0829,0.9171,0.4,15.849,1.0,598.24,101.67,0.1095,0.109,14,781
0.9666,0.0334,0.5,15.849,0.0,70.04899999999999,50.0,0.1096,299.4178,200,782
-0.0059,1.0059,0.5,15.849,0.1,650.0,589.5,0.1098,1.0924,200,783
-6.6772e-05,1.0001,0.5,15.849,0.2,649.99,529.89,0.1096,0.5462,25,784
8.6822e-05,0.9999,0.5,15.849,0.3,649.94,469.85,0.1095,0.3639,15,785
0.00042052,0.9996,0.5,15.849,0.4,649.73,409.91,0.1096,0.2731,20,786
0.0016,0.9984,0.5,15.849,0.5,649.04,350.24,0.1095,0.2183,15,787
5.8998e-05,0.9999,0.5,15.849,0.6,646.98,290.77,0.1093,0.1821,200,788
0.0052,0.9948,0.5000,15.8490,0.7000,641.72,230.32,0.1100,0.1560,200,789
0.0271,0.9729,0.5000,15.8490,0.8000,633.26,183.68,0.1093,0.1365,200,790
0.0531,0.9469,0.5,15.849,0.9,616.12,137.23,0.1099,0.1214,200,791
0.0893,0.9107,0.5,15.849,1.0,594.63,105.27,0.1097,0.1092,200,792
0.9653,0.0347,0.6,15.849,0.0,70.842,50.0,0.1096,327.1321,200,793
0.0029,0.9971,0.6,15.849,0.1,650.0,590.29,0.1093,1.0928,200,794
-6.477699999999999e-05,1.0001,0.6,15.849,0.2,649.98,529.91,0.1096,0.5464,40,795
0.0004112,0.9996,0.6,15.849,0.3,649.9,470.42,0.1093,0.3643,200,796
0.00023276,0.9998,0.6,15.849,0.4,649.55,409.06,0.11,0.2732,200,797
-0.0012,1.0012,0.6,15.849,0.5,648.44,347.97,0.1101,0.2183,200,798
0.0068,0.9932,0.6,15.849,0.6,645.95,292.21,0.1095,0.182,15,799
0.0162,0.9838,0.6,15.849,0.7,640.28,236.59,0.1095,0.156,15,800
0.0337,0.9663,0.6,15.849,0.8,629.81,185.98,0.1096,0.1366,16,801
0.0622,0.9378,0.6,15.849,0.9,614.0,144.05,0.1095,0.1215,200,802
0.0952,0.9048,0.6,15.849,1.0,590.31,108.86,0.1095,0.1093,200,803
1.0025,-0.0025,0.7,15.849,0.0,0.0,0.0,0.1098,353.493,200,804
0.0038,0.9962,0.7,15.849,0.1,650.0,590.6,0.109,1.0934,200,805
-0.001,1.001,0.7,15.849,0.2,649.97,529.64,0.1097,0.5466,200,806
-0.002,1.002,0.7,15.849,0.3,649.82,470.69,0.1095,0.3645,200,807
-0.00041884,1.0004,0.7,15.849,0.4,649.29,408.9,0.11,0.2733,200,808
0.002,0.998,0.7,15.849,0.5,647.73,349.71,0.1099,0.2189,200,809
0.0095,0.9905,0.7,15.849,0.6,644.29,293.23,0.1096,0.1822,40,810
0.0188,0.9812,0.7,15.849,0.7,636.85,236.37,0.1101,0.1562,200,811
0.0412,0.9588,0.7,15.849,0.8,625.65,189.87,0.1097,0.1367,200,812
0.0697,0.9303,0.7,15.849,0.9,608.22,147.45,0.1095,0.1214,15,813
0.1052,0.8948,0.7,15.849,1.0,585.52,114.38,0.1096,0.1093,35,814
0.9634,0.0366,0.8,15.849,0.0,71.967,50.0,0.1096,378.2745,200,815
-0.00020044,1.0002,0.8,15.849,0.1,649.99,589.95,0.1096,1.0937,43,816
-3.1312e-05,1.0,0.8,15.849,0.2,649.94,529.93,0.1096,0.5469,70,817
0.00043618,0.9996,0.8,15.849,0.3,649.69,469.98,0.1096,0.3646,22,818
0.0019,0.9981,0.8,15.849,0.4,648.84,410.31,0.1096,0.2733,16,819
0.0056,0.9944,0.8,15.849,0.5,646.62,351.52,0.1096,0.2187,59,820
0.0127,0.9873,0.8,15.849,0.6,641.96,294.49,0.1095,0.1823,200,821
0.0269,0.9731,0.8,15.849,0.7,633.52,243.1,0.1095,0.1563,200,822
0.0503,0.9497,0.8,15.849,0.8,619.64,192.96,0.1098,0.1367,200,823
0.0825,0.9175,0.8,15.849,0.9,601.82,153.0,0.1099,0.1216,200,824
0.115,0.885,0.8,15.849,1.0,576.68,117.94,0.1097,0.109,200,825
1.0028,-0.0028,0.9,15.849,0.0,0.0,0.0,0.1095,402.9678,200,826
0.00022582,0.9998,0.9,15.849,0.1,649.99,590.09,0.1094,1.0941,200,827
-0.0065,1.0065,0.9000,15.8490,0.2000,649.89,528.18,0.1105,0.5470,200,828
0.003,0.997,0.9,15.849,0.3,649.45,470.02,0.1099,0.3647,200,829
0.004,0.996,0.9,15.849,0.4,648.07,411.41,0.1093,0.2736,200,830
0.0103,0.9897,0.9,15.849,0.5,645.05,357.36,0.1086,0.2192,200,831
0.0192,0.9808,0.9,15.849,0.6,638.44,296.73,0.1096,0.1823,33,832
0.0365,0.9635,0.9,15.849,0.7,628.11,245.1,0.1095,0.1562,15,833
0.0605,0.9395,0.9,15.849,0.8,613.53,200.04,0.1093,0.1368,200,834
0.0843,0.9157,0.9,15.849,0.9,594.41,160.99,0.1086,0.1219,200,835
0.129,0.871,0.9,15.849,1.0,571.22,128.61,0.1096,0.1095,200,836
0.9461,0.0539,1.0,15.849,0.0,82.315,50.0,0.1095,211.1453,200,837
0.00099117,0.999,1.0,15.849,0.1,649.98,589.96,0.1098,1.0958,200,838
0.00086942,0.9991,1.0,15.849,0.2,649.79,530.12,0.1096,0.5479,200,839
-0.00028672,1.0003,1.0,15.849,0.3,648.94,469.64,0.1098,0.3653,56,840
0.0053,0.9947,1.0,15.849,0.4,646.69,411.28,0.1096,0.274,200,841
0.0133,0.9867,1.0,15.849,0.5,641.89,353.99,0.1095,0.2191,15,842
0.0272,0.9728,1.0,15.849,0.6,633.6,299.79,0.1095,0.1825,15,843
0.0478,0.9522,1.0,15.849,0.7,621.24,250.1,0.1096,0.1566,21,844
0.0752,0.9248,1.0,15.849,0.8,604.82,206.12,0.1096,0.137,200,845
0.1085,0.8915,1.0,15.849,0.9,584.85,168.61,0.1095,0.1217,15,846
0.1464,0.8536,1.0,15.849,1.0,562.13,137.87,0.1096,0.1096,98,847
0.8875,0.1125,0.0,25.119,0.0,117.48,50.0,0.0692,75.3488,200,848
-0.00036568,1.0004,0.0,25.119,0.1,650.0,589.98,0.0692,0.6916,21,849
0.0039,0.9961,0.0,25.119,0.2,650.0,530.98,0.069,0.3461,200,850
-0.0018,1.0018,0.0,25.119,0.3,650.0,469.51,0.0692,0.2307,200,851
0.0015,0.9985,0.0,25.119,0.4,650.0,411.1,0.0689,0.1726,200,852
-0.00031881,1.0003,0.0,25.119,0.5,650.0,350.35,0.069,0.1381,200,853
0.0038,0.9962,0.0,25.119,0.6,649.99,293.14,0.0689,0.1154,200,854
0.002,0.998,0.0,25.119,0.7,649.89,230.9,0.0691,0.0986,200,855
-3.771e-05,1.0,0.0,25.119,0.8,649.16,169.03,0.0693,0.0865,200,856
0.009,0.991,0.0,25.119,0.9,643.77,111.63,0.0693,0.0766,200,857
0.0336,0.9664,0.0,25.119,1.0,625.12,72.475,0.0692,0.0691,200,858
0.9688,0.0312,0.1,25.119,0.0,68.654,50.0,0.069,135.1968,200,859
-0.0018,1.0018,0.1000,25.1190,0.1000,650,589.77,0.0692,0.6864,200,860
-0.0014,1.0014,0.1,25.119,0.2,650.0,529.27,0.0694,0.3431,200,861
-4.2004e-05,1.0,0.1,25.119,0.3,650.0,469.74,0.0691,0.2288,17,862
0.001,0.999,0.1,25.119,0.4,650.0,409.81,0.0692,0.1716,200,863
1.4562e-05,1.0,0.1,25.119,0.5,650.0,349.65,0.0691,0.1372,15,864
0.0022,0.9978,0.1,25.119,0.6,649.98,292.62,0.0687,0.1143,200,865
-0.0017,1.0017,0.1,25.119,0.7,649.83,227.5,0.0694,0.098,200,866
0.0018,0.9982,0.1,25.119,0.8,648.97,172.8,0.0689,0.0858,200,867
0.0102,0.9898,0.1,25.119,0.9,643.43,115.04,0.0692,0.0764,200,868
0.0356,0.9644,0.1,25.119,1.0,625.36,75.641,0.0691,0.0686,200,869
0.9624,0.0376,0.2,25.119,0.0,72.61399999999999,50.0,0.0691,191.9557,200,870
0.0046,0.9954,0.2,25.119,0.1,650.0,590.59,0.0687,0.6879,200,871
-0.0071,1.0071,0.2,25.119,0.2,650.0,528.09,0.0697,0.344,200,872
0.003,0.997,0.2,25.119,0.3,650.0,470.5,0.0691,0.2293,200,873
0.0043,0.9957,0.2000,25.1190,0.4000,650,411.12,0.0691,0.1720,200,874
-1.4435e-05,1.0,0.2,25.119,0.5,649.99,349.68,0.0691,0.1376,17,875
0.0030,0.9970,0.2000,25.1190,0.6000,649.96,293.28,0.0687,0.1147,200,876
0.0052,0.9948,0.2000,25.1190,0.7000,649.69,232.74,0.0690,0.0983,200,877
0.0023,0.9977,0.2000,25.1190,0.8000,647.93,171.68,0.0690,0.0860,200,878
0.0151,0.9849,0.2000,25.1190,0.9000,640.92,119.88,0.0689,0.0765,200,879
0.0451,0.9549,0.2000,25.1190,1,621.47,79.97,0.0693,0.0688,200,880
0.9582,0.0418,0.3,25.119,0.0,75.094,50.0,0.0692,231.1179,200,881
-0.00021606,1.0002,0.3,25.119,0.1,650.0,589.94,0.0692,0.6883,24,882
0.00079856,0.9992,0.3,25.119,0.2,650.0,529.85,0.0692,0.3442,200,883
-0.0026,1.0026,0.3,25.119,0.3,650.0,468.68,0.0694,0.2294,200,884
-0.0043,1.0043,0.3,25.119,0.4,650.0,407.52,0.0695,0.1721,200,885
0.0021,0.9979,0.3,25.119,0.5,649.99,350.02,0.0692,0.1377,200,886
0.0061,0.9939,0.3,25.119,0.6,649.9,292.46,0.069,0.1147,200,887
4.8426e-06,1.0,0.3,25.119,0.7,649.28,230.22,0.0691,0.0983,200,888
0.0073,0.9927,0.3,25.119,0.8,646.32,172.14,0.0693,0.086,200,889
0.0216,0.9784,0.3,25.119,0.9,636.14,119.7,0.0694,0.0765,200,890
0.0532,0.9468,0.3,25.119,1.0,615.48,84.42200000000001,0.0691,0.0687,14,891
0.956,0.044,0.4,25.119,0.0,76.383,50.0,0.0692,270.104,200,892
-0.00025298,1.0003,0.4,25.119,0.1,650.0,589.93,0.0691,0.6889,17,893
-0.00013902,1.0001,0.4,25.119,0.2,650.0,529.88,0.0691,0.3444,17,894
-0.00042123,1.0004,0.4,25.119,0.3,650.0,469.6,0.0692,0.2297,200,895
-0.00051387,1.0005,0.4,25.119,0.4,650.0,409.71,0.0691,0.1722,200,896
-0.0017,1.0017,0.4,25.119,0.5,649.97,348.91,0.0692,0.1378,200,897
0.0066,0.9934,0.4,25.119,0.6,649.77,288.37,0.0698,0.1148,200,898
0.0056,0.9944,0.4,25.119,0.7,648.71,229.98,0.0695,0.0984,200,899
0.0137,0.9863,0.4,25.119,0.8,644.88,175.05,0.0693,0.0861,200,900
0.0256,0.9744,0.4,25.119,0.9,632.51,120.74,0.0695,0.0765,200,901
0.0594,0.9406,0.4000,25.1190,1,610.93,87.676,0.0692,0.0689,200,902
1.0034,-0.0034,0.5000,25.1190,0,0,0,0.0697,299.4178,200,903
-0.0078,1.0078,0.5000,25.1190,0.1000,650,589.63,0.0690,0.6892,200,904
0.0037,0.9963,0.5000,25.1190,0.2000,650,530.65,0.0690,0.3446,200,905
0.0020,0.9980,0.5000,25.1190,0.3000,650,469.75,0.0693,0.2297,200,906
0.0045,0.9955,0.5000,25.1190,0.4000,649.99,411.69,0.0689,0.1723,200,907
-0.0037,1.0037,0.5000,25.1190,0.5000,649.93,346.61,0.0696,0.1378,200,908
0.0078,0.9922,0.5000,25.1190,0.6000,649.59,289.39,0.0698,0.1149,200,909
-0.0029,1.0029,0.5000,25.1190,0.7000,648.31,234.8,0.0681,0.0985,200,910
0.0107,0.9893,0.5000,25.1190,0.8000,642.67,172.33,0.0695,0.0861,200,911
0.0323,0.9677,0.5000,25.1190,0.9000,630.49,126.26,0.0691,0.0765,200,912
0.0658,0.9342,0.5000,25.1190,1,608.64,91.248,0.0691,0.0688,14,913
1.0037,-0.0037,0.6000,25.1190,0,0,0,0.0689,327.1321,200,914
0.0010,0.9990,0.6000,25.1190,0.1000,650,590.1,0.0691,0.6895,200,915
-0.0017,1.0017,0.6,25.119,0.2,650.0,529.57,0.0693,0.3447,200,916
0.0021,0.9979,0.6,25.119,0.3,650.0,470.56,0.069,0.2298,200,917
-0.0066,1.0066,0.6,25.119,0.4,649.98,409.88,0.0687,0.1723,200,918
0.0002299,0.9998,0.6,25.119,0.5,649.86,349.83,0.0691,0.1377,14,919
-0.001,1.001,0.6,25.119,0.6,649.28,289.93,0.0691,0.1149,200,920
0.0065,0.9935,0.6,25.119,0.7,647.28,234.38,0.0688,0.0984,200,921
0.0137,0.9863,0.6,25.119,0.8,641.18,177.73,0.069,0.0862,200,922
0.0449,0.9551,0.6,25.119,0.9,627.87,130.42,0.0696,0.0765,200,923
0.0684,0.9316,0.6,25.119,1.0,604.4,93.661,0.0695,0.0689,200,924
1.004,-0.004,0.7,25.119,0.0,0.0,0.0,0.0692,353.493,200,925
0.00024825,0.9998,0.7,25.119,0.1,650.0,590.26,0.0687,0.6898,200,926
-0.0011,1.0011,0.7,25.119,0.2,650.0,529.05,0.0697,0.3448,200,927
-0.00011166,1.0001,0.7,25.119,0.3,649.99,469.86,0.0692,0.2299,20,928
6.358300000000001e-06,1.0,0.7,25.119,0.4,649.95,409.85,0.0692,0.1725,23,929
0.00048879,0.9995,0.7,25.119,0.5,649.72,349.91,0.0691,0.1378,14,930
0.0049,0.9951,0.7,25.119,0.6,648.72,290.43,0.0695,0.1151,200,931
0.0206,0.9794,0.7,25.119,0.7,646.18,240.43,0.069,0.0986,200,932
0.0205,0.9795,0.7,25.119,0.8,637.42,176.92,0.069,0.0865,200,933
0.0346,0.9654,0.7,25.119,0.9,624.32,137.08,0.0685,0.0767,200,934
0.0725,0.9275,0.7,25.119,1.0,598.71,97.251,0.0692,0.0685,200,935
1.0043,-0.0043,0.8,25.119,0.0,0.0,0.0,0.0691,378.2745,200,936
0.0043,0.9957,0.8,25.119,0.1,650.0,590.45,0.0689,0.69,200,937
-0.00061387,1.0006,0.8,25.119,0.2,650.0,529.75,0.0694,0.3451,200,938
0.00029934,0.9997,0.8,25.119,0.3,649.99,470.16,0.0691,0.23,200,939
-0.00012313,1.0001,0.8,25.119,0.4,649.87,408.14,0.0698,0.1727,200,940
-0.002,1.002,0.8,25.119,0.5,649.38,349.01,0.0691,0.138,200,941
0.0031,0.9969,0.8,25.119,0.6,647.65,289.46,0.069,0.1148,200,942
0.013,0.987,0.8,25.119,0.7,642.86,232.89,0.0697,0.0987,200,943
0.0276,0.9724,0.8,25.119,0.8,633.47,183.02,0.0691,0.0861,14,944
0.0548,0.9452,0.8,25.119,0.9,617.13,139.44,0.0692,0.0767,20,945
0.0913,0.9087,0.8,25.119,1.0,594.04,105.86,0.0692,0.069,58,946
1.0046,-0.0046,0.9,25.119,0.0,0.0,0.0,0.0682,402.9678,200,947
-0.003,1.003,0.9,25.119,0.1,650.0,589.71,0.0692,0.6903,200,948
0.0019,0.9981,0.9000,25.1190,0.2000,650,529.87,0.0692,0.3451,200,949
-0.0021,1.0021,0.9000,25.1190,0.3000,649.96,468.99,0.0694,0.2301,200,950
0.0033,0.9967,0.9,25.119,0.4,649.74,411.49,0.0689,0.1726,200,951
-0.0055,1.0055,0.9000,25.1190,0.5000,648.63,346.65,0.0690,0.1378,200,952
0.0065,0.9935,0.9000,25.1190,0.6000,645.67,289.89,0.0694,0.1142,200,953
0.0267,0.9733,0.9000,25.1190,0.7000,640.14,241.42,0.0691,0.0986,200,954
0.0379,0.9621,0.9,25.119,0.8,627.27,187.97,0.0692,0.0863,39,955
0.0649,0.9351,0.9000,25.1190,0.9000,607.67,144.43,0.0690,0.0765,200,956
0.1049,0.8951,0.9,25.119,1.0,586.04,113.82,0.0692,0.069,43,957
0.932,0.068,1.0,25.119,0.0,90.774,50.0,0.0692,211.1453,200,958
-0.0014,1.0014,1.0,25.119,0.1,650.0,589.91,0.0691,0.691,15,959
-0.00080012,1.0008,1.0,25.119,0.2,649.99,529.89,0.0691,0.3455,15,960
-0.00034269,1.0003,1.0,25.119,0.3,649.88,469.95,0.0692,0.2305,103,961
0.0019,0.9981,1.0,25.119,0.4,649.26,409.91,0.0693,0.1729,200,962
0.0051,0.9949,1.0,25.119,0.5,647.23,351.1,0.0692,0.1382,200,963
0.0133,0.9867,1.0,25.119,0.6,642.57,296.26,0.0692,0.1157,200,964
0.0271,0.9729,1.0,25.119,0.7,633.75,242.87,0.0691,0.099,200,965
0.0446,0.9554,1.0,25.119,0.8,619.0,194.4,0.0689,0.0865,200,966
0.083,0.917,1.0,25.119,0.9,600.36,156.34,0.0691,0.0771,200,967
0.1233,0.8767,1.0,25.119,1.0,577.2,124.66,0.0692,0.0692,200,968
0.8281,0.1719,0.0,39.811,0.0,153.12,50.0,0.0436,75.3488,200,969
-0.0043,1.0043,0.0,39.811,0.1,650.0,589.53,0.0438,0.4366,200,970
-0.0063,1.0063,0.0,39.811,0.2,650.0,528.59,0.0439,0.2185,200,971
-0.0048,1.0048,0.0,39.811,0.3,650.0,468.39,0.0438,0.1456,200,972
-0.00052945,1.0005,0.0,39.811,0.4,650.0,410.93,0.0434,0.1088,200,973
0.0012,0.9988,0.0,39.811,0.5,650.0,350.95,0.0436,0.087,200,974
-0.0012,1.0012,0.0,39.811,0.6,650.0,290.75,0.0437,0.0732,200,975
-0.00029406,1.0003,0.0,39.811,0.7,650.0,229.88,0.0436,0.0623,22,976
-0.00012697,1.0001,0.0,39.811,0.8,649.95,169.93,0.0436,0.0545,14,977
-0.0091,1.0091,0.0,39.811,0.9,647.76,101.64,0.0439,0.0485,200,978
0.0192,0.9808,0.0,39.811,1.0,634.01,63.835,0.0439,0.0435,200,979
0.9546,0.0454,0.1,39.811,0.0,77.09,50.0,0.0432,135.1968,200,980
0.005,0.995,0.1,39.811,0.1,650.0,590.49,0.0434,0.4331,200,981
0.0018,0.9982,0.1,39.811,0.2,650.0,530.59,0.0434,0.2165,200,982
-0.0138,1.0138,0.1,39.811,0.3,650.0,465.99,0.0439,0.1444,200,983
-0.0039,1.0039,0.1,39.811,0.4,650.0,409.44,0.0435,0.1083,200,984
0.0046,0.9954,0.1,39.811,0.5,650.0,351.51,0.0436,0.0866,200,985
0.0012,0.9988,0.1,39.811,0.6,650.0,291.54,0.0434,0.0721,200,986
-0.0056,1.0056,0.1,39.811,0.7,650.0,228.71,0.0435,0.0621,200,987
-0.007,1.007,0.1,39.811,0.8,649.93,171.93,0.0431,0.0542,200,988
0.0031,0.9969,0.1,39.811,0.9,648.21,111.4,0.0436,0.0481,14,989
0.0207,0.9793,0.1,39.811,1.0,633.32,66.617,0.0435,0.0432,13,990
0.9472,0.0528,0.2,39.811,0.0,81.66199999999999,50.0,0.0436,191.9557,200,991
0.002,0.998,0.2,39.811,0.1,650.0,590.25,0.0435,0.4341,200,992
-0.00058676,1.0006,0.2,39.811,0.2,650.0,529.62,0.0437,0.217,200,993
0.0053,0.9947,0.2,39.811,0.3,650.0,470.53,0.0437,0.1447,200,994
-0.0106,1.0106,0.2,39.811,0.4,650.0,409.04,0.0433,0.1085,200,995
-0.0042,1.0042,0.2,39.811,0.5,650.0,349.35,0.0435,0.0868,200,996
0.0085,0.9915,0.2,39.811,0.6,650.0,295.12,0.0433,0.0723,200,997
0.0021,0.9979,0.2,39.811,0.7,649.99,230.99,0.0436,0.062,200,998
0.0073,0.9927,0.2,39.811,0.8,649.68,164.66,0.0444,0.0543,200,999
0.0022,0.9978,0.2,39.811,0.9,646.38,111.37,0.0437,0.0484,200,1000
0.0296,0.9704,0.2,39.811,1.0,629.21,70.69,0.0436,0.0433,14,1001
0.9423,0.0577,0.3,39.811,0.0,84.632,50.0,0.0436,231.1179,200,1002
-0.00047776,1.0005,0.3,39.811,0.1,650.0,589.92,0.0436,0.4343,22,1003
-0.0031,1.0031,0.3,39.811,0.2,650.0,528.94,0.0438,0.2172,200,1004
-9.0249e-05,1.0001,0.3,39.811,0.3,650.0,469.77,0.0436,0.1446,14,1005
-2.2038e-05,1.0,0.3,39.811,0.4,650.0,409.71,0.0436,0.1084,14,1006
-0.0012,1.0012,0.3,39.811,0.5,650.0,348.92,0.0437,0.0869,200,1007
-0.0025,1.0025,0.3,39.811,0.6,650.0,286.37,0.0439,0.0723,200,1008
0.00040988,0.9996,0.3,39.811,0.7,649.94,230.69,0.0435,0.062,200,1009
0.0206,0.9794,0.3,39.811,0.8,649.65,187.52,0.0429,0.0543,200,1010
0.0116,0.9884,0.3,39.811,0.9,644.31,119.0,0.0434,0.0485,200,1011
0.0428,0.9572,0.3,39.811,1.0,625.84,77.993,0.0433,0.0433,200,1012
1.0047,-0.0047,0.4,39.811,0.0,0.0,0.0,0.0437,270.104,200,1013
0.0065,0.9935,0.4,39.811,0.1,650.0,590.44,0.0436,0.4347,200,1014
0.0084,0.9916,0.4,39.811,0.2,650.0,531.9,0.0433,0.2174,200,1015
-0.0099,1.0099,0.4,39.811,0.3,650.0,469.36,0.0433,0.1449,200,1016
0.0024,0.9976,0.4,39.811,0.4,650.0,410.04,0.0437,0.1087,200,1017
-0.0027,1.0027,0.4,39.811,0.5,650.0,347.32,0.0439,0.0869,200,1018
-0.00073042,1.0007,0.4,39.811,0.6,649.99,287.58,0.0438,0.0724,200,1019
0.0063,0.9937,0.4,39.811,0.7,649.89,238.48,0.043,0.062,200,1020
-0.0014,1.0014,0.4,39.811,0.8,648.24,170.16,0.0435,0.0543,200,1021
0.0141,0.9859,0.4,39.811,0.9,640.48,115.25,0.0437,0.0483,200,1022
0.047,0.953,0.4,39.811,1.0,622.38,81.503,0.0434,0.0435,200,1023
1.0054,-0.0054,0.5,39.811,0.0,0.0,0.0,0.0433,299.4178,200,1024
0.0051,0.9949,0.5,39.811,0.1,650.0,590.42,0.0435,0.4349,200,1025
-0.0083,1.0083,0.5,39.811,0.2,650.0,528.4,0.0438,0.2174,200,1026
-0.0029,1.0029,0.5,39.811,0.3,650.0,468.59,0.0438,0.145,200,1027
-0.0013,1.0013,0.5,39.811,0.4,650.0,410.14,0.0435,0.1087,200,1028
-0.0105,1.0105,0.5,39.811,0.5,650.0,342.73,0.0442,0.087,200,1029
-0.0018,1.0018,0.5,39.811,0.6,649.97,287.75,0.0439,0.0726,200,1030
-0.0018,1.0018,0.5,39.811,0.7,649.65,229.06,0.0437,0.0622,200,1031
-0.0010,1.0010,0.5000,39.8110,0.8000,646.73,163.31,0.0441,0.0543,200,1032
0.0125,0.9875,0.5000,39.8110,0.9000,637.99,118.08,0.0437,0.0484,200,1033
0.0489,0.9511,0.5000,39.8110,1,615.73,80.207,0.0437,0.0434,200,1034
1.0059,-0.0059,0.6000,39.8110,0,0,0,0.0433,327.1321,200,1035
-0.0012,1.0012,0.6000,39.8110,0.1000,650,590.16,0.0434,0.4350,200,1036
0.0048,0.9952,0.6000,39.8110,0.2000,650,530.89,0.0435,0.2175,200,1037
-2.1572e-04,1.0002,0.6000,39.8110,0.3000,650,469.83,0.0436,0.1450,73,1038
0.0069,0.9931,0.6000,39.8110,0.4000,650,413.03,0.0434,0.1088,200,1039
-6.2876e-05,1.0001,0.6,39.811,0.5,649.99,349.77,0.0436,0.087,30,1040
8.6504e-05,0.9999,0.6,39.811,0.6,649.92,289.78,0.0436,0.0725,55,1041
-0.003,1.003,0.6,39.811,0.7,649.25,227.22,0.0438,0.0622,200,1042
0.0173,0.9827,0.6,39.811,0.8,647.25,183.52,0.0432,0.0543,200,1043
0.0233,0.9767,0.6,39.811,0.9,636.02,122.41,0.0436,0.0483,33,1044
0.0573,0.9427,0.6,39.811,1.0,611.72,83.251,0.0433,0.0433,200,1045
1.0064,-0.0064,0.7,39.811,0.0,0.0,0.0,0.0434,353.493,200,1046
0.0059,0.9941,0.7,39.811,0.1,650.0,591.12,0.043,0.4351,200,1047
-0.0043,1.0043,0.7,39.811,0.2,650.0,529.04,0.0438,0.2176,200,1048
-0.0075,1.0075,0.7,39.811,0.3,650.0,469.19,0.0437,0.1453,200,1049
0.0055,0.9945,0.7,39.811,0.4,650.0,409.0,0.0439,0.1087,200,1050
-0.0013,1.0013,0.7,39.811,0.5,649.98,348.15,0.0437,0.0869,200,1051
-0.0053,1.0053,0.7,39.811,0.6,649.77,289.22,0.0435,0.0724,200,1052
-0.00011314,1.0001,0.7,39.811,0.7,648.47,225.13,0.0441,0.0622,200,1053
0.0142,0.9858,0.7,39.811,0.8,644.67,178.35,0.0435,0.0546,200,1054
0.0266,0.9734,0.7,39.811,0.9,631.59,124.49,0.0435,0.0481,200,1055
0.0652,0.9348,0.7,39.811,1.0,609.42,90.473,0.0436,0.0435,45,1056
0.9335,0.0665,0.8,39.811,0.0,89.919,50.0,0.0436,378.2745,200,1057
-0.00096438,1.001,0.8,39.811,0.1,650.0,589.91,0.0436,0.4354,72,1058
0.0053,0.9947,0.8,39.811,0.2,650.0,529.24,0.044,0.2177,200,1059
-0.00029192,1.0003,0.8,39.811,0.3,650.0,469.84,0.0436,0.1451,144,1060
0.0012,0.9988,0.8,39.811,0.4,649.99,414.26,0.0432,0.109,200,1061
6.954400000000001e-06,1.0,0.8,39.811,0.5,649.92,349.83,0.0436,0.0871,61,1062
0.009,0.991,0.8,39.811,0.6,649.47,295.13,0.0434,0.0728,200,1063
0.0046,0.9954,0.8,39.811,0.7,647.24,231.79,0.0436,0.0622,200,1064
0.0132,0.9868,0.8000,39.8110,0.8000,638.95,168.65,0.0437,0.0542,200,1065
0.0470,0.9530,0.8000,39.8110,0.9000,624.17,126.54,0.0441,0.0481,200,1066
0.0726,0.9274,0.8,39.811,1.0,599.85,94.463,0.044,0.0438,200,1067
0.9326,0.0674,0.9000,39.8110,0,90.428,50,0.0436,402.9678,200,1068
-0.0011,1.0011,0.9,39.811,0.1,650.0,589.89,0.0436,0.4356,38,1069
-0.00055784,1.0006,0.9,39.811,0.2,650.0,529.85,0.0436,0.2178,45,1070
-0.00034837,1.0003,0.9,39.811,0.3,650.0,469.81,0.0436,0.1452,26,1071
-0.00019082,1.0002,0.9,39.811,0.4,649.97,409.79,0.0436,0.1089,70,1072
0.00028241,0.9997,0.9,39.811,0.5,649.73,349.89,0.0436,0.0871,32,1073
0.0099,0.9901,0.9,39.811,0.6,648.08,280.01,0.0453,0.0728,200,1074
0.0072,0.9928,0.9000,39.8110,0.7000,644.61,235.04,0.0437,0.0623,200,1075
0.0224,0.9776,0.9,39.811,0.8,634.76,181.86,0.0437,0.0545,200,1076
0.0473,0.9527,0.9,39.811,0.9,617.59,136.44,0.0437,0.0484,200,1077
0.0867,0.9133,0.9,39.811,1.0,594.25,104.43,0.0441,0.0433,200,1078
0.914,0.086,1.0,39.811,0.0,101.36,50.0,0.0436,211.1453,200,1079
-0.0019,1.0019,1.0,39.811,0.1,650.0,589.97,0.0436,0.4363,200,1080
-0.00070844,1.0007,1.0,39.811,0.2,650.0,530.05,0.0436,0.2183,200,1081
-1.8435e-05,1.0,1.0,39.811,0.3,649.99,469.3,0.0438,0.1455,200,1082
-0.00055544,1.0006,1.0,39.811,0.4,649.86,409.89,0.0436,0.1091,198,1083
0.0046,0.9954,1.0,39.811,0.5,649.12,351.15,0.0435,0.0871,200,1084
0.0056,0.9944,1.0,39.811,0.6,646.33,292.07,0.0436,0.0727,200,1085
0.0173,0.9827,1.0,39.811,0.7,639.44,236.24,0.0438,0.0624,200,1086
0.0323,0.9677,1.0,39.811,0.8,627.07,188.51,0.0434,0.0547,200,1087
0.0685,0.9315,1.0,39.811,0.9,607.78,146.66,0.0436,0.0483,200,1088
0.1024,0.8976,1.0,39.811,1.0,583.32,114.29,0.0439,0.0434,200,1089
0.7432,0.2568,0.0,63.096,0.0,204.21,50.0,0.0275,75.3488,200,1090
-0.0177,1.0177,0.0,63.096,0.1,650.0,587.92,0.028,0.2752,200,1091
-0.0021,1.0021,0.0,63.096,0.2,650.0,529.74,0.0275,0.1376,16,1092
-0.0018,1.0018,0.0,63.096,0.3,650.0,469.67,0.0275,0.0918,18,1093
-0.0016,1.0016,0.0,63.096,0.4,650.0,409.62,0.0275,0.0688,18,1094
-0.0013,1.0013,0.0,63.096,0.5,650.0,349.58,0.0275,0.055,14,1095
-0.001,1.001,0.0,63.096,0.6,650.0,289.63,0.0275,0.0459,62,1096
-0.0007875,1.0008,0.0,63.096,0.7,650.0,229.66,0.0275,0.0393,15,1097
0.0034,0.9966,0.0,63.096,0.8,650.0,174.93,0.0273,0.0345,200,1098
2.0660999999999998e-05,1.0,0.0,63.096,0.9,649.82,110.01,0.0275,0.0305,14,1099
0.0168,0.9832,0.0,63.096,1.0,639.85,60.153999999999996,0.0274,0.0274,12,1100
0.9362,0.0638,0.1,63.096,0.0,87.073,50.0,0.0275,135.1968,200,1101
-0.0066,1.0066,0.1,63.096,0.1,650.0,589.16,0.0277,0.2733,200,1102
0.0171,0.9829,0.1,63.096,0.2,650.0,532.92,0.0273,0.1365,200,1103
0.011,0.989,0.1,63.096,0.3,650.0,473.68,0.0272,0.0911,200,1104
-0.0164,1.0164,0.1,63.096,0.4,650.0,406.47,0.0274,0.0683,200,1105
0.0132,0.9868,0.1,63.096,0.5,650.0,354.96,0.0274,0.0548,200,1106
0.0105,0.9895,0.1,63.096,0.6,650.0,297.31,0.0272,0.0456,200,1107
-0.0069,1.0069,0.1,63.096,0.7,650.0,221.42,0.0279,0.0391,200,1108
0.0023,0.9977,0.1,63.096,0.8,650.0,171.66,0.0275,0.0342,200,1109
0.02,0.98,0.1,63.096,0.9,649.86,129.86,0.027,0.0302,200,1110
0.0065,0.9935,0.1,63.096,1.0,636.0,59.825,0.0272,0.0272,200,1111
0.9262,0.0738,0.2,63.096,0.0,92.444,50.0,0.0273,191.9557,200,1112
0.0102,0.9898,0.2,63.096,0.1,650.0,591.07,0.0273,0.2739,200,1113
-0.0068,1.0068,0.2,63.096,0.2,650.0,529.9,0.0273,0.1369,200,1114
-0.0123,1.0123,0.2,63.096,0.3,650.0,466.83,0.0276,0.0913,200,1115
0.0190,0.9810,0.2000,63.0960,0.4000,650,418.34,0.0271,0.0685,200,1116
-0.0071,1.0071,0.2000,63.0960,0.5000,650,346.73,0.0276,0.0549,200,1117
7.2624e-05,0.9999,0.2000,63.0960,0.6000,650,288.96,0.0276,0.0456,200,1118
0.0021,0.9979,0.2000,63.0960,0.7000,650,224.55,0.0279,0.0392,200,1119
8.3563e-05,0.9999,0.2,63.096,0.8,649.98,169.59,0.0275,0.0342,14,1120
-0.0197,1.0197,0.2000,63.0960,0.9000,647.74,103.2,0.0273,0.0303,200,1121
0.0132,0.9868,0.2000,63.0960,1,628.86,60.28,0.0278,0.0274,200,1122
1.0065,-0.0065,0.3,63.096,0.0,0.0,0.0,0.0284,231.1179,200,1123
0.0089,0.9911,0.3,63.096,0.1,650.0,590.37,0.0276,0.274,200,1124
-0.0106,1.0106,0.3,63.096,0.2,650.0,528.3,0.0276,0.137,200,1125
0.0016,0.9984,0.3,63.096,0.3,650.0,468.45,0.0278,0.0913,200,1126
-0.0097,1.0097,0.3,63.096,0.4,650.0,408.85,0.0274,0.0685,200,1127
-0.0075,1.0075,0.3,63.096,0.5,650.0,348.04,0.0275,0.0548,200,1128
-0.0097,1.0097,0.3,63.096,0.6,650.0,289.02,0.0273,0.0457,200,1129
0.0106,0.9894,0.3,63.096,0.7,650.0,236.56,0.0274,0.0391,200,1130
0.0033,0.9967,0.3,63.096,0.8,649.88,170.6,0.0276,0.0342,200,1131
-0.00088072,1.0009,0.3,63.096,0.9,646.43,108.91,0.0276,0.0305,200,1132
0.0295,0.9705,0.3,63.096,1.0,629.57,70.315,0.0275,0.0274,17,1133
0.9189,0.0811,0.4,63.096,0.0,98.67,50.0,0.0275,270.104,200,1134
-0.0036,1.0036,0.4,63.096,0.1,650.0,589.39,0.0277,0.2743,200,1135
0.004,0.996,0.4,63.096,0.2,650.0,528.98,0.0279,0.1371,200,1136
0.0086,0.9914,0.4,63.096,0.3,650.0,472.35,0.0274,0.0914,200,1137
-0.0002224,1.0002,0.4,63.096,0.4,650.0,410.84,0.0275,0.0686,200,1138
-0.0042,1.0042,0.4,63.096,0.5,650.0,345.65,0.0278,0.0549,200,1139
0.0339,0.9661,0.4,63.096,0.6,650.0,314.74,0.0265,0.0456,200,1140
7.5826e-05,0.9999,0.4,63.096,0.7,649.98,229.63,0.0275,0.0391,14,1141
0.00074725,0.9993,0.4,63.096,0.8,649.55,170.03,0.0275,0.0343,36,1142
0.0085,0.9915,0.4,63.096,0.9,644.89,114.36,0.0275,0.0305,19,1143
0.0339,0.9661,0.4,63.096,1.0,623.97,72.26899999999999,0.0275,0.0274,200,1144
1.0085,-0.0085,0.5,63.096,0.0,0.0,0.0,0.0274,299.4178,200,1145
0.0135,0.9865,0.5,63.096,0.1,650.0,591.58,0.0272,0.2744,200,1146
-0.0047,1.0047,0.5,63.096,0.2,650.0,530.42,0.0273,0.1372,200,1147
-0.0098,1.0098,0.5,63.096,0.3,650.0,467.34,0.0272,0.0913,200,1148
-0.00023477,1.0002,0.5,63.096,0.4,650.0,409.74,0.0275,0.0686,37,1149
-0.028,1.028,0.5,63.096,0.5,650.0,343.77,0.0272,0.0548,200,1150
0.0025,0.9975,0.5,63.096,0.6,650.0,285.9,0.0279,0.0457,200,1151
-0.0087,1.0087,0.5000,63.0960,0.7000,649.95,231.7,0.0272,0.0393,200,1152
0.0016,0.9984,0.5,63.096,0.8,649.06,170.44,0.0275,0.0343,43,1153
0.0121,0.9879,0.5,63.096,0.9,642.76,116.28,0.0275,0.0305,14,1154
0.0431,0.9569,0.5,63.096,1.0,622.24,77.667,0.0275,0.0274,105,1155
1.0095,-0.0095,0.6000,63.0960,0,0,0,0.0272,327.1321,200,1156
-0.0093,1.0093,0.6000,63.0960,0.1000,650,588.24,0.0281,0.2745,200,1157
-0.0128,1.0128,0.6000,63.0960,0.2000,650,526.52,0.0280,0.1371,200,1158
-0.00046471,1.0005,0.6,63.096,0.3,650.0,469.79,0.0275,0.0915,76,1159
-0.0146,1.0146,0.6000,63.0960,0.4000,650,409.16,0.0272,0.0685,200,1160
-1.4587e-04,1.0001,0.6000,63.0960,0.5000,650,349.74,0.0275,0.0549,16,1161
-0.0067,1.0067,0.6000,63.0960,0.6000,649.99,286.37,0.0276,0.0458,200,1162
-0.0124,1.0124,0.6,63.096,0.7,649.75,218.37,0.0279,0.0391,200,1163
-0.0075,1.0075,0.6,63.096,0.8,648.01,169.69,0.0274,0.0342,200,1164
0.005,0.995,0.6,63.096,0.9,642.04,128.05,0.0267,0.0306,200,1165
0.0499,0.9501,0.6,63.096,1.0,618.37,81.54,0.0275,0.0275,36,1166
0.9131,0.0869,0.7,63.096,0.0,102.17,50.0,0.0275,353.493,200,1167
0.0114,0.9886,0.7,63.096,0.1,650.0,590.64,0.0275,0.2744,200,1168
-0.0125,1.0125,0.7,63.096,0.2,650.0,526.9,0.0279,0.1372,200,1169
-0.00055544,1.0006,0.7,63.096,0.3,650.0,469.79,0.0275,0.0915,60,1170
-0.0061,1.0061,0.7,63.096,0.4,650.0,408.77,0.0276,0.0686,200,1171
-0.0082,1.0082,0.7,63.096,0.5,650.0,335.87,0.0282,0.0548,200,1172
0.0138,0.9862,0.7,63.096,0.6,649.96,291.55,0.0279,0.0458,200,1173
3.2444e-05,1.0,0.7,63.096,0.7,649.62,238.69,0.027,0.0394,200,1174
0.0038,0.9962,0.7,63.096,0.8,646.49,173.59,0.0276,0.0345,200,1175
0.0205,0.9795,0.7,63.096,0.9,629.11,106.88,0.0282,0.0303,200,1176
0.059,0.941,0.7,63.096,1.0,613.14,86.743,0.0275,0.0275,104,1177
1.0106,-0.0106,0.8,63.096,0.0,0.0,0.0,0.0278,378.2745,200,1178
-0.0022,1.0022,0.8,63.096,0.1,650.0,589.83,0.0275,0.2747,200,1179
-0.0098,1.0098,0.8,63.096,0.2,650.0,529.54,0.0274,0.1375,200,1180
-0.0224,1.0224,0.8,63.096,0.3,650.0,465.63,0.0277,0.0916,200,1181
0.0063,0.9937,0.8000,63.0960,0.4000,650,414.23,0.0274,0.0687,200,1182
-0.0238,1.0238,0.8000,63.0960,0.5000,649.99,346.07,0.0269,0.0549,200,1183
0.001,0.999,0.8,63.096,0.6,649.8,289.11,0.0277,0.0458,200,1184
-0.0018,1.0018,0.8,63.096,0.7,648.3,226.79,0.0277,0.0393,200,1185
0.0111,0.9889,0.8,63.096,0.8,643.29,175.13,0.0275,0.0343,122,1186
0.0303,0.9697,0.8000,63.0960,0.9000,629.87,129.29,0.0277,0.0307,200,1187
0.0685,0.9315,0.8,63.096,1.0,604.0,90.631,0.0274,0.0272,200,1188
1.0114,-0.0114,0.9000,63.0960,0,0,0,0.0273,402.9678,200,1189
0.0200,0.9800,0.9000,63.0960,0.1000,650,592.44,0.0269,0.2748,200,1190
0.0258,0.9742,0.9,63.096,0.2,650.0,532.45,0.0273,0.1371,200,1191
0.0043,0.9957,0.9000,63.0960,0.3000,650,470.36,0.0275,0.0916,200,1192
-5.2392e-04,1.0005,0.9000,63.0960,0.4000,650,409.71,0.0275,0.0687,23,1193
0.0019,0.9981,0.9000,63.0960,0.5000,649.92,350.63,0.0274,0.0549,200,1194
0.0214,0.9786,0.9000,63.0960,0.6000,649.32,291.41,0.0280,0.0460,200,1195
0.0020,0.9980,0.9000,63.0960,0.7000,645.63,223.64,0.0275,0.0392,200,1196
0.0170,0.9830,0.9000,63.0960,0.8000,637.47,183,0.0274,0.0345,200,1197
0.0221,0.9779,0.9000,63.0960,0.9000,620.48,136.63,0.0268,0.0306,200,1198
0.0664,0.9336,0.9,63.096,1.0,597.77,104.12,0.027,0.0281,200,1199
0.892,0.108,1.0,63.096,0.0,114.65,50.0,0.0275,211.1453,200,1200
-0.0089,1.0089,1.0,63.096,0.1,650.0,588.49,0.0276,0.2751,200,1201
-0.006,1.006,1.0,63.096,0.2,650.0,530.81,0.0271,0.1376,200,1202
0.0022,0.9978,1.0,63.096,0.3,650.0,470.77,0.0275,0.0916,200,1203
0.0015,0.9985,1.0,63.096,0.4,649.96,409.32,0.0275,0.0686,200,1204
0.0043,0.9957,1.0,63.096,0.5,649.66,358.05,0.0273,0.0556,200,1205
0.003,0.997,1.0,63.096,0.6,647.54,291.18,0.0275,0.0459,200,1206
0.0094,0.9906,1.0,63.096,0.7,641.14,232.94,0.0275,0.0392,200,1207
0.0332,0.9668,1.0,63.096,0.8,629.61,186.09,0.0275,0.0344,200,1208
0.0647,0.9353,1.0,63.096,0.9,610.72,145.21,0.0275,0.0306,200,1209
0.1073,0.8927,1.0,63.096,1.0,583.51,111.11,0.0275,0.0274,200,1210
0.6198,0.3802,0.0,100.0,0.0,272.84,50.0,0.0169,75.3488,200,1211
0.0093,0.9907,0.0,100.0,0.1,650.0,591.42,0.0171,0.1737,200,1212
0.0126,0.9874,0.0,100.0,0.2,650.0,533.72,0.0171,0.0867,200,1213
-0.0046,1.0046,0.0,100.0,0.3,650.0,469.14,0.0173,0.0578,14,1214
-0.004,1.004,0.0,100.0,0.4,650.0,409.02,0.0173,0.0434,14,1215
-0.0034,1.0034,0.0,100.0,0.5,650.0,348.97,0.0173,0.0347,14,1216
-0.0027,1.0027,0.0,100.0,0.6,650.0,289.01,0.0173,0.0289,14,1217
0.0058,0.9942,0.0,100.0,0.7,650.0,236.14,0.0172,0.0247,200,1218
-0.0109,1.0109,0.0,100.0,0.8,650.0,161.69,0.0175,0.0214,200,1219
-0.0011,1.0011,0.0,100.0,0.9,649.98,109.39,0.0173,0.0193,200,1220
0.0088,0.9912,0.0,100.0,1.0,639.09,56.174,0.0174,0.0171,200,1221
0.9113,0.0887,0.1,100.0,0.0,102.76,50.0,0.0173,135.1968,200,1222
0.0132,0.9868,0.1,100.0,0.1,650.0,592.23,0.0169,0.1724,200,1223
0.0106,0.9894,0.1,100.0,0.2,650.0,531.58,0.0173,0.0864,200,1224
0.029,0.971,0.1,100.0,0.3,650.0,480.05,0.0169,0.0576,200,1225
-0.0196,1.0196,0.1,100.0,0.4,650.0,410.77,0.017,0.0432,200,1226
-0.00018323,1.0002,0.1,100.0,0.5,650.0,349.45,0.0174,0.0345,27,1227
0.0166,0.9834,0.1,100.0,0.6,650.0,302.27,0.017,0.0286,200,1228
0.0232,0.9768,0.1,100.0,0.7,650.0,244.86,0.0171,0.0249,200,1229
0.0257,0.9743,0.1,100.0,0.8,650.0,183.61,0.0173,0.0216,200,1230
-0.0169,1.0169,0.1,100.0,0.9,649.95,114.53,0.0169,0.0189,200,1231
0.0043,0.9957,0.1,100.0,1.0,640.72,56.803000000000004,0.0173,0.0172,200,1232
0.9033,0.0967,0.2,100.0,0.0,109.64,50.0,0.0176,191.9557,200,1233
0.0127,0.9873,0.2,100.0,0.1,650.0,590.38,0.0175,0.1728,200,1234
0.0165,0.9835,0.2,100.0,0.2,650.0,536.37,0.0167,0.0864,200,1235
0.0043,0.9957,0.2,100.0,0.3,650.0,473.25,0.0171,0.0576,200,1236
-0.0103,1.0103,0.2,100.0,0.4,650.0,401.77,0.0178,0.0431,200,1237
-0.0023,1.0023,0.2,100.0,0.5,650.0,348.34,0.0174,0.0344,200,1238
-0.0174,1.0174,0.2,100.0,0.6,650.0,273.0,0.0179,0.0288,200,1239
-0.0155,1.0155,0.2000,100,0.7000,650,226.51,0.0172,0.0247,200,1240
0.0101,0.9899,0.2000,100,0.8000,650,179.6,0.0172,0.0216,200,1241
6.6613e-04,0.9993,0.2000,100,0.9000,649.67,109.95,0.0173,0.0192,13,1242
0.015,0.985,0.2,100.0,1.0,637.87,62.041000000000004,0.0174,0.0173,20,1243
1.0105,-0.0105,0.3,100.0,0.0,0.0,0.0,0.0175,231.1179,200,1244
-0.0011,1.0011,0.3,100.0,0.1,650.0,590.86,0.0171,0.1729,200,1245
-0.0013,1.0013,0.3,100.0,0.2,650.0,529.75,0.0174,0.0864,19,1246
-0.00070782,1.0007,0.3,100.0,0.3,650.0,469.69,0.0174,0.0576,17,1247
0.00084596,0.9992,0.3,100.0,0.4,650.0,404.28,0.0178,0.0432,200,1248
-0.0072,1.0072,0.3,100.0,0.5,650.0,350.59,0.0172,0.0346,200,1249
-0.0157,1.0157,0.3,100.0,0.6,650.0,294.96,0.0168,0.0288,200,1250
0.0033,0.9967,0.3,100.0,0.7,650.0,221.62,0.0179,0.0247,200,1251
-0.0021,1.0021,0.3,100.0,0.8,649.95,157.41,0.0178,0.0216,200,1252
-0.0038,1.0038,0.3,100.0,0.9,649.08,121.44,0.0169,0.0193,200,1253
0.017,0.983,0.3,100.0,1.0,623.76,61.998000000000005,0.0175,0.0171,200,1254
1.0117,-0.0117,0.4,100.0,0.0,0.0,0.0,0.0176,270.104,200,1255
-0.003,1.003,0.4,100.0,0.1,650.0,589.77,0.0174,0.1731,43,1256
-0.0396,1.0396,0.4,100.0,0.2,650.0,523.52,0.0176,0.0865,200,1257
-0.012,1.012,0.4,100.0,0.3,650.0,465.55,0.0176,0.0576,200,1258
0.0068,0.9932,0.4,100.0,0.4,650.0,406.31,0.0177,0.0431,200,1259
-0.00014108,1.0001,0.4,100.0,0.5,650.0,349.59,0.0173,0.0345,13,1260
0.0026,0.9974,0.4,100.0,0.6,650.0,292.16,0.0173,0.0289,200,1261
-4.8372e-05,1.0,0.4,100.0,0.7,650.0,229.62,0.0174,0.0247,67,1262
-0.00077241,1.0008,0.4,100.0,0.8,649.79,167.27,0.0174,0.0216,200,1263
0.0055,0.9945,0.4,100.0,0.9,648.17,132.3,0.0169,0.0193,200,1264
0.0333,0.9667,0.4,100.0,1.0,631.19,74.843,0.0172,0.0173,200,1265
0.8892,0.1108,0.5,100.0,0.0,116.47,50.0,0.0174,299.4178,200,1266
-0.0036,1.0036,0.5,100.0,0.1,650.0,589.74,0.0174,0.1731,47,1267
0.0289,0.9711,0.5,100.0,0.2,650.0,537.77,0.0167,0.0866,200,1268
-0.0148,1.0148,0.5,100.0,0.3,650.0,466.01,0.0175,0.0577,200,1269
-0.0135,1.0135,0.5000,100,0.4000,650,403.13,0.0176,0.0433,200,1270
-0.0097,1.0097,0.5000,100,0.5000,650,352.35,0.0173,0.0347,200,1271
-0.0125,1.0125,0.5000,100,0.6000,650,293.88,0.0170,0.0289,200,1272
0.0044,0.9956,0.5000,100,0.7000,649.98,238.12,0.0173,0.0248,200,1273
-0.0092,1.0092,0.5000,100,0.8000,649.39,171.05,0.0173,0.0218,200,1274
0.0105,0.9895,0.5,100.0,0.9,643.78,115.34,0.0173,0.0192,13,1275
0.0405,0.9595,0.5,100.0,1.0,621.87,73.953,0.0173,0.0174,200,1276
1.0146,-0.0146,0.6000,100,0,0,0,0.0176,327.1321,200,1277
0.0176,0.9824,0.6,100.0,0.1,650.0,590.84,0.0174,0.1731,200,1278
-0.0021,1.0021,0.6,100.0,0.2,650.0,529.66,0.0174,0.0866,66,1279
0.0215,0.9785,0.6,100.0,0.3,650.0,477.37,0.017,0.0575,200,1280
-0.0057,1.0057,0.6,100.0,0.4,650.0,403.68,0.0176,0.0433,200,1281
0.0245,0.9755,0.6,100.0,0.5,650.0,349.57,0.0178,0.0346,200,1282
0.0308,0.9692,0.6,100.0,0.6,650.0,312.54,0.0168,0.0288,200,1283
5.1003e-05,0.9999,0.6,100.0,0.7,649.89,229.74,0.0174,0.0247,40,1284
0.0072,0.9928,0.6,100.0,0.8,648.55,174.08,0.0172,0.0216,200,1285
0.0261,0.9739,0.6,100.0,0.9,642.22,123.69,0.0174,0.0192,200,1286
0.0452,0.9548,0.6,100.0,1.0,608.41,75.944,0.0171,0.0172,200,1287
1.0157,-0.0157,0.7,100.0,0.0,0.0,0.0,0.0177,353.493,200,1288
-0.0145,1.0145,0.7,100.0,0.1,650.0,589.27,0.0174,0.1733,200,1289
-0.0087,1.0087,0.7000,100,0.2000,650,525.16,0.0178,0.0866,200,1290
-0.0448,1.0448,0.7,100.0,0.3,650.0,463.41,0.0171,0.0578,200,1291
-0.0225,1.0225,0.7,100.0,0.4,650.0,417.97,0.0167,0.0435,200,1292
-0.0020,1.0020,0.7000,100,0.5000,650,362.13,0.0166,0.0344,200,1293
0.0031,0.9969,0.7,100.0,0.6,649.97,284.46,0.0175,0.0294,200,1294
0.0129,0.9871,0.7000,100,0.7000,649.67,239.69,0.0172,0.0250,200,1295
0.0214,0.9786,0.7000,100,0.8000,647.45,185.73,0.0172,0.0216,200,1296
0.0065,0.9935,0.7000,100,0.9000,634.97,122.6,0.0171,0.0189,200,1297
0.0485,0.9515,0.7000,100,1,613.42,88.313,0.0172,0.0173,200,1298
1.0167,-0.0167,0.8000,100,0,0,0,0.0177,378.2745,200,1299
-0.0142,1.0142,0.8000,100,0.1000,650,591.49,0.0167,0.1734,200,1300
7.1495e-04,0.9993,0.8000,100,0.2000,650,538.72,0.0166,0.0870,200,1301
-0.0430,1.0430,0.8000,100,0.3000,650,455.85,0.0180,0.0579,200,1302
-7.7099e-04,1.0008,0.8000,100,0.4000,650,408.4,0.0174,0.0432,200,1303
-7.2480e-04,1.0007,0.8000,100,0.5000,649.99,349.6,0.0174,0.0347,137,1304
-1.9663e-04,1.0002,0.8000,100,0.6000,649.83,289.73,0.0174,0.0289,200,1305
-0.0213,1.0213,0.8000,100,0.7000,648.64,238.02,0.0171,0.0251,200,1306
0.0235,0.9765,0.8000,100,0.8000,641.86,166.55,0.0177,0.0215,200,1307
0.0368,0.9632,0.8,100.0,0.9,627.87,129.75,0.0174,0.0193,163,1308
0.0716,0.9284,0.8000,100,1,605.93,98.122,0.0179,0.0174,200,1309
1.0180,-0.0180,0.9000,100,0,0,0,0.0173,402.9678,200,1310
-0.0342,1.0342,0.9,100.0,0.1,650.0,584.8,0.0182,0.1735,200,1311
-0.0034,1.0034,0.9,100.0,0.2,650.0,529.51,0.0174,0.0867,139,1312
0.0119,0.9881,0.9000,100,0.3000,650,466.74,0.0171,0.0577,200,1313
-0.0032,1.0032,0.9000,100,0.4000,649.99,389.01,0.0174,0.0422,200,1314
-0.0625,1.0625,0.9000,100,0.5000,649.93,347.42,0.0166,0.0347,200,1315
-0.0219,1.0219,0.9000,100,0.6000,648.82,276.63,0.0175,0.0287,200,1316
0.0189,0.9811,0.9,100.0,0.7,645.51,232.33,0.0177,0.0249,200,1317
0.0228,0.9772,0.9,100.0,0.8,636.12,180.76,0.0174,0.0217,200,1318
0.0587,0.9413,0.9,100.0,0.9,610.22,124.77,0.0178,0.0192,200,1319
0.1051,0.8949,0.9,100.0,1.0,582.22,95.054,0.0174,0.017,200,1320
0.8641,0.1359,1.0,100.0,0.0,131.66,50.0,0.0177,211.1453,200,1321
-0.0087,1.0087,1.0,100.0,0.1,650.0,589.44,0.0174,0.1736,200,1322
-0.0067,1.0067,1.0,100.0,0.2,650.0,528.48,0.0174,0.087,200,1323
-0.0051,1.0051,1.0,100.0,0.3,650.0,469.12,0.0174,0.0579,193,1324
-0.0038,1.0038,1.0,100.0,0.4,649.96,409.15,0.0174,0.0434,200,1325
-0.0017,1.0017,1.0,100.0,0.5,649.51,350.37,0.0173,0.0346,200,1326
-0.005,1.005,1.0,100.0,0.6,646.72,284.69,0.0175,0.0289,200,1327
0.0179,0.9821,1.0,100.0,0.7,640.65,239.17,0.0173,0.0248,200,1328
0.0342,0.9658,1.0,100.0,0.8,627.88,189.85,0.0174,0.0219,200,1329
0.0707,0.9293,1.0,100.0,0.9,606.57,148.72,0.0174,0.0193,200,1330
0.1131,0.8869,1.0,100.0,1.0,581.21,118.61,0.0174,0.0174,200,1331
